Date,Open,High,Low,Close,Volume,Quote asset volume,Number of trades,Taker buy base asset volume,Taker buy quote asset volume,volume,net_order_flow,close,RSI,Inflation Rate,CPI,value,classification
2024-01-01,0.5602,0.7533,0.5582,0.7094,359712171.1,239189887.46967,916789.0,182808957.4,121572443.15735,359712171.1,5905743.699999988,0.7094,80.34902478369263,2.872366268806581,309.794,65.0,Greed
2024-01-02,0.7093,0.8,0.6865,0.7119,322722103.7,240969577.01353,1009722.0,168218444.0,125667138.8756,322722103.7,13714784.300000012,0.7118,78.44619591442819,2.872366268806581,309.794,71.0,Greed
2024-01-03,0.7119,0.8828,0.55,0.7831,524986143.9,400887285.9534,1750184.0,260219279.0,198960165.21998,524986143.9,-4547585.899999976,0.783,79.87685838714522,2.872366268806581,309.794,70.0,Greed
2024-01-04,0.7831,0.8695,0.7469,0.7718,315666191.1,251406725.53538,970238.0,158193412.1,126007694.20428,315666191.1,720633.0999999642,0.7718,79.6019155941335,2.872366268806581,309.794,68.0,Greed
2024-01-05,0.7718,0.786,0.6906,0.7181,240482352.3,175048712.67422,780038.0,121279015.8,88324689.75534,240482352.3,2075679.2999999821,0.7181,75.87731811697574,2.872366268806581,309.794,72.0,Greed
2024-01-06,0.7181,0.7193,0.63,0.6507,206126826.5,136029479.97893,571981.0,96757708.4,63870008.91888,206126826.5,-12611409.699999988,0.6508,68.48840309250866,2.872366268806581,309.794,70.0,Greed
2024-01-07,0.6507,0.7282,0.636,0.6771,233203715.1,158756858.51249,671769.0,114111114.5,77737866.61771,233203715.1,-4981486.099999994,0.6772,70.47619047619048,2.872366268806581,309.794,71.0,Greed
2024-01-08,0.677,0.7589,0.58,0.7455,292459524.5,194362270.97043,823843.0,143171665.7,95344222.81837,292459524.5,-6116193.100000024,0.7457,71.9056486654252,2.872366268806581,309.794,71.0,Greed
2024-01-09,0.7455,0.763,0.6618,0.6755,197656261.9,141384164.84653,544832.0,94489582.0,67625221.36017,197656261.9,-8677097.900000006,0.6754,61.27431779605693,2.872366268806581,309.794,76.0,Extreme Greed
2024-01-10,0.6755,0.828,0.6264,0.7408,224549392.5,154884940.62873,605562.0,114202981.8,78729298.78661,224549392.5,3856571.099999994,0.7409,69.63541666666667,2.872366268806581,309.794,73.0,Greed
2024-01-11,0.7409,0.8139,0.7037,0.7427,227185632.4,172007094.95044,668156.0,111888649.5,84717903.84031,227185632.4,-3408333.400000006,0.7427,69.04698699230157,2.872366268806581,309.794,76.0,Extreme Greed
2024-01-12,0.7426,0.7509,0.6407,0.6791,180724360.8,127534567.67393,541983.0,88638412.5,62570296.84891,180724360.8,-3447535.800000012,0.679,58.90088593576966,2.872366268806581,309.794,71.0,Greed
2024-01-13,0.6791,0.7305,0.6471,0.7236,133288850.2,93430994.48828,367640.0,64641354.6,45361436.1119,133288850.2,-4006140.9999999925,0.7236,59.13845306908891,2.872366268806581,309.794,64.0,Greed
2024-01-14,0.7236,0.7567,0.6888,0.693,115298562.3,83175938.40544,333534.0,53900813.8,38913091.20831,115298562.3,-7496934.700000003,0.693,59.14659325533379,2.872366268806581,309.794,60.0,Greed
2024-01-15,0.693,0.8106,0.6928,0.803,175732858.2,131524777.35309,497510.0,84339268.0,63207543.7207,175732858.2,-7054322.199999988,0.8028,56.79767103347889,2.872366268806581,309.794,52.0,Greed
2024-01-16,0.803,0.8652,0.76,0.7722,245150407.1,197601826.48187,705669.0,117816563.9,95013886.1634,245150407.1,-9517279.299999982,0.7722,54.22259507829977,2.872366268806581,309.794,64.0,Greed
2024-01-17,0.7721,0.8751,0.7701,0.8309,178653099.2,146561107.30255,522770.0,87131472.8,71513034.00066,178653099.2,-4390153.599999994,0.8308,53.40165101053231,2.872366268806581,309.794,60.0,Greed
2024-01-18,0.8306,0.8388,0.715,0.737,198033203.1,151959920.11065,484204.0,94657156.6,72612482.74764,198033203.1,-8718889.900000006,0.737,47.784004075394805,2.872366268806581,309.794,63.0,Greed
2024-01-19,0.737,0.7379,0.6535,0.7069,181132758.2,127396595.89934,413237.0,88367803.7,62179249.53371,181132758.2,-4397150.799999982,0.7068,49.258238151503214,2.872366268806581,309.794,51.0,Greed
2024-01-20,0.7068,0.7068,0.657,0.6767,89032404.6,60205303.54069,220374.0,42766301.6,28919998.86188,89032404.6,-3499801.399999991,0.6767,51.787439613526566,2.872366268806581,309.794,52.0,Greed
2024-01-21,0.6766,0.6955,0.6456,0.6501,67519198.3,45601041.02847,162971.0,32750933.9,22143310.14197,67519198.3,-2017330.5,0.6501,48.13026079757141,2.872366268806581,309.794,56.0,Greed
2024-01-22,0.65,0.6534,0.578,0.5974,172219310.9,104852831.31821,346063.0,84353523.3,51353217.94025,172219310.9,-3512264.300000012,0.5973,39.53455571227081,2.872366268806581,309.794,55.0,Greed
2024-01-23,0.5975,0.6466,0.5623,0.645,227018475.6,136060856.18939,453631.0,112677064.5,67542199.91976,227018475.6,-1664346.599999994,0.6449,47.77793967652631,2.872366268806581,309.794,50.0,Neutral
2024-01-24,0.645,0.6688,0.626,0.6505,165549536.7,107259094.61707,331548.0,83683688.4,54228088.03805,165549536.7,1817840.1000000238,0.6506,42.79329608938548,2.872366268806581,309.794,48.0,Fear
2024-01-25,0.6505,0.6505,0.5923,0.6038,113159758.7,69426892.26664,251182.0,55929190.1,34311529.32866,113159758.7,-1301378.5,0.6037,39.65157832042882,2.872366268806581,309.794,52.0,Greed
2024-01-26,0.6037,0.6819,0.5953,0.6703,123746989.4,79272490.48573,274208.0,59518594.8,38081968.09269,123746989.4,-4709799.800000012,0.6702,49.34756820877816,2.872366268806581,309.794,49.0,Fear
2024-01-27,0.6703,0.675,0.6328,0.6427,93409126.5,60370218.53273,181459.0,46690824.8,30179528.32789,93409126.5,-27476.90000000596,0.6427,43.84603681728282,2.872366268806581,309.794,55.0,Greed
2024-01-28,0.6427,0.6898,0.6374,0.6568,105145746.4,69625730.53389,251995.0,52464321.7,34756426.98184,105145746.4,-217103.0,0.6567,47.167160917746216,2.872366268806581,309.794,54.0,Greed
2024-01-29,0.6568,0.6985,0.64,0.6857,123369504.0,82633210.1964,286341.0,61772044.8,41388491.25121,123369504.0,174585.59999999404,0.6857,39.54277549562421,2.872366268806581,309.794,55.0,Greed
2024-01-30,0.6857,0.7546,0.6802,0.6964,208987200.8,151837887.11763,489548.0,106674416.6,77561290.51131,208987200.8,4361632.399999976,0.6963,42.9709205408409,2.872366268806581,309.794,61.0,Greed
2024-01-31,0.6964,0.7259,0.6436,0.6503,181488243.6,125112695.23749,438696.0,95026290.5,65485376.32761,181488243.6,8564337.400000006,0.6503,32.88450597382894,2.872366268806581,309.794,60.0,Greed
2024-02-01,0.6502,0.6601,0.6167,0.6427,135100959.1,85663809.8355,292343.0,68394322.2,43368913.48768,135100959.1,1687685.300000012,0.6427,39.3108138744049,2.872366268806581,311.022,63.0,Greed
2024-02-02,0.6428,0.6523,0.6258,0.6343,91189951.0,58111654.72685,175366.0,44031202.2,28066307.30525,91189951.0,-3127546.599999994,0.6343,41.35463868352014,2.872366268806581,311.022,63.0,Greed
2024-02-03,0.6344,0.6428,0.6031,0.6108,70009961.9,43231486.85146,134845.0,36257084.8,22379927.01577,70009961.9,2504207.699999988,0.6108,42.01599224618367,2.872366268806581,311.022,60.0,Greed
2024-02-04,0.6108,0.6208,0.5928,0.5953,57982095.2,35410681.13897,137652.0,28781901.6,17568495.62226,57982095.2,-418292.0,0.5953,43.17729083665339,2.872366268806581,311.022,60.0,Greed
2024-02-05,0.5953,0.648,0.5816,0.6111,96806712.1,59517237.7142,189823.0,48052104.8,29530679.8285,96806712.1,-702502.5,0.611,51.8792866941015,2.872366268806581,311.022,60.0,Greed
2024-02-06,0.6111,0.6171,0.5923,0.6003,68259063.7,41227102.61254,123365.0,32649294.3,19722385.38535,68259063.7,-2960475.100000005,0.6003,43.19291819291817,2.872366268806581,311.022,64.0,Greed
2024-02-07,0.6004,0.6394,0.5793,0.6245,82244756.1,49527556.37925,145021.0,39039761.5,23526586.5891,82244756.1,-4165233.099999994,0.6245,46.229413464316686,2.872366268806581,311.022,62.0,Greed
2024-02-08,0.6244,0.6591,0.6236,0.6377,105616163.7,67761772.60281,171379.0,48462861.6,31096491.7917,105616163.7,-8690440.5,0.6377,55.44174135723432,2.872366268806581,311.022,66.0,Greed
2024-02-09,0.6378,0.7224,0.6378,0.7021,118836544.7,80643647.38385,237944.0,57599932.4,39081589.22837,118836544.7,-3636679.900000006,0.7021,55.14018691588784,2.872366268806581,311.022,72.0,Greed
2024-02-10,0.702,0.7155,0.6715,0.6872,66538355.4,46042461.75475,138348.0,31398355.6,21716999.14009,66538355.4,-3741644.1999999955,0.6871,57.45466756212223,2.872366268806581,311.022,74.0,Greed
2024-02-11,0.6872,0.708,0.6649,0.6784,72567344.7,49788151.71735,141070.0,34539531.5,23698656.34192,72567344.7,-3488281.700000003,0.6784,53.709401709401725,2.872366268806581,311.022,71.0,Greed
2024-02-12,0.6784,0.7672,0.6587,0.7563,124770161.9,89214919.31084,274877.0,62232422.1,44448705.6005,124770161.9,-305317.700000003,0.7563,60.33977738722906,2.872366268806581,311.022,70.0,Greed
2024-02-13,0.7564,0.7778,0.715,0.7549,122427184.8,91042139.52197,265944.0,61034773.9,45404974.76166,122427184.8,-357637.0,0.7549,58.8199879590608,2.872366268806581,311.022,79.0,Extreme Greed
2024-02-14,0.755,0.9,0.7354,0.8805,188816275.7,158431264.2148,493306.0,94124234.0,79064530.72827,188816275.7,-567807.6999999881,0.8805,77.95046138902381,2.872366268806581,311.022,74.0,Greed
2024-02-15,0.8805,0.9939,0.8594,0.9295,213554069.9,199189260.87712,705370.0,106856591.3,99646221.94946,213554069.9,159112.69999998808,0.9297,81.64975738861932,2.872366268806581,311.022,72.0,Greed
2024-02-16,0.9296,1.03,0.905,0.9335,159986106.1,154308589.83482,508613.0,79426548.6,76711867.48313,159986106.1,-1133008.900000006,0.9335,83.33333333333336,2.872366268806581,311.022,72.0,Greed
2024-02-17,0.9338,0.9684,0.8927,0.907,87202780.6,81082360.70364,273970.0,44476280.2,41358794.4573,87202780.6,1749779.800000012,0.9069,82.7616729364904,2.872366268806581,311.022,76.0,Extreme Greed
2024-02-18,0.9069,1.0368,0.8857,0.9614,127949483.4,122448105.11413,399908.0,63696225.5,60967543.69905,127949483.4,-557032.400000006,0.9613,87.28606356968217,2.872366268806581,311.022,72.0,Greed
2024-02-19,0.9615,0.9804,0.9207,0.9278,91298190.8,87089813.58867,283360.0,49140160.8,46910380.24656,91298190.8,6982130.799999997,0.9277,81.1283664242186,2.872366268806581,311.022,75.0,Extreme Greed
2024-02-20,0.9278,0.9496,0.87,0.9332,124816549.3,113511265.91529,355447.0,62014566.4,56370537.42241,124816549.3,-787416.5,0.9333,83.06195393169183,2.872366268806581,311.022,72.0,Greed
2024-02-21,0.9333,0.9373,0.8269,0.8765,98439932.3,85390907.19085,259122.0,49056695.3,42465616.3284,98439932.3,-326541.700000003,0.8765,73.49869451697127,2.872366268806581,311.022,78.0,Extreme Greed
2024-02-22,0.8766,0.8887,0.8201,0.836,77008909.0,65699394.28822,231147.0,38254906.6,32650605.37301,77008909.0,-499095.799999997,0.836,67.59538598047914,2.872366268806581,311.022,74.0,Greed
2024-02-23,0.8363,0.8607,0.7753,0.7868,78278093.2,63359789.4776,210072.0,37834917.2,30619387.28714,78278093.2,-2608258.799999997,0.7868,57.72387379171987,2.872366268806581,311.022,76.0,Extreme Greed
2024-02-24,0.7869,0.8745,0.77,0.8608,74327042.1,61578474.6243,215126.0,39368410.8,32615307.43766,74327042.1,4409779.5,0.8608,64.30100444590812,2.872366268806581,311.022,72.0,Greed
2024-02-25,0.8609,0.8649,0.8171,0.8244,44876433.4,37439220.05324,135478.0,21988211.3,18347896.04884,44876433.4,-900010.799999997,0.8243,61.48638009762243,2.872366268806581,311.022,74.0,Greed
2024-02-26,0.8245,0.91,0.7878,0.8911,101437415.4,86425477.32819,293775.0,50661264.7,43228765.98011,101437415.4,-114886.0,0.8912,60.807562890562416,2.872366268806581,311.022,72.0,Greed
2024-02-27,0.8913,0.9377,0.863,0.8897,112517572.0,101102474.46415,325337.0,55472077.0,49856671.71062,112517572.0,-1573418.0,0.8897,60.79782121115027,2.872366268806581,311.022,79.0,Extreme Greed
2024-02-28,0.8899,0.9387,0.8054,0.8659,139366301.5,122564053.89279,489040.0,69638252.3,61296536.24899,139366301.5,-89796.90000000596,0.8658,48.5933014354067,2.872366268806581,311.022,82.0,Extreme Greed
2024-02-29,0.8657,0.9177,0.8121,0.8338,136295083.0,118464073.36388,472111.0,66822023.4,58036975.18301,136295083.0,-2651036.1999999955,0.8337,40.502572220023744,2.872366268806581,311.022,80.0,Extreme Greed
2024-03-01,0.8338,0.8741,0.8337,0.8593,79325386.8,67637523.76445,225397.0,37624380.7,32070476.81962,79325386.8,-4076625.399999991,0.8593,42.9628224582701,2.872366268806581,312.107,80.0,Extreme Greed
2024-03-02,0.8593,0.8649,0.8276,0.8477,64550403.5,54488008.05988,189468.0,31375813.2,26471118.20585,64550403.5,-1798777.1000000015,0.8478,44.22964264792032,2.872366268806581,312.107,80.0,Extreme Greed
2024-03-03,0.8478,0.8713,0.7673,0.8194,92773415.5,77324199.34496,269925.0,46302604.3,38578299.00613,92773415.5,-168206.90000000596,0.8195,35.41152263374485,2.872366268806581,312.107,83.0,Extreme Greed
2024-03-04,0.8196,0.862,0.7698,0.7904,150315871.2,120654405.25189,433134.0,77048878.0,61871903.20825,150315871.2,3781884.800000012,0.7903,35.73504983388705,2.872366268806581,312.107,82.0,Extreme Greed
2024-03-05,0.7903,0.8123,0.61,0.7215,201158264.9,151067951.64237,628361.0,96101721.9,72321833.68675,201158264.9,-8954821.099999994,0.7214,30.556065333088625,2.872366268806581,312.107,90.0,Extreme Greed
2024-03-06,0.7214,0.8081,0.6884,0.7842,127426581.9,93200027.95258,338675.0,65273699.7,47711950.8541,127426581.9,3120817.5,0.7842,41.62279905609004,2.872366268806581,312.107,75.0,Extreme Greed
2024-03-07,0.7842,0.9574,0.7735,0.9295,191569780.1,160883925.68598,643244.0,97309970.4,81824624.58803,191569780.1,3050160.700000018,0.9293,57.116704805492006,2.872366268806581,312.107,82.0,Extreme Greed
2024-03-08,0.9293,0.95,0.85,0.9255,189869781.2,172698539.07043,668335.0,98421219.1,89595587.74744,189869781.2,6972657.0,0.9254,61.35693215339233,2.872366268806581,312.107,81.0,Extreme Greed
2024-03-09,0.9255,0.9766,0.8877,0.9004,118215176.7,108848935.84614,408282.0,58685532.4,54059128.33989,118215176.7,-844111.900000006,0.9005,53.53769381571912,2.872366268806581,312.107,84.0,Extreme Greed
2024-03-10,0.9006,0.9199,0.8453,0.867,83210369.0,73713729.27889,276560.0,42700717.0,37842109.73616,83210369.0,2191065.0,0.867,53.82547930478409,2.872366268806581,312.107,79.0,Extreme Greed
2024-03-11,0.8669,0.9281,0.802,0.8968,101027203.3,87913618.59539,340181.0,51032118.4,44450701.25167,101027203.3,1037033.5,0.8967,50.527932424649656,2.872366268806581,312.107,82.0,Extreme Greed
2024-03-12,0.8969,0.945,0.8315,0.9009,128039526.5,112496329.98242,461546.0,62794580.0,55175566.19363,128039526.5,-2450366.5,0.901,51.07886194386098,2.872366268806581,312.107,81.0,Extreme Greed
2024-03-13,0.9009,0.96,0.8764,0.9003,89928685.8,81490161.31015,305718.0,45601957.0,41321829.65685,89928685.8,1275228.200000003,0.9003,53.44655344655344,2.872366268806581,312.107,81.0,Extreme Greed
2024-03-14,0.9003,0.9041,0.7965,0.8646,112980302.0,96420717.22431,315788.0,56770603.7,48420584.93373,112980302.0,560905.400000006,0.8644,53.04382312115804,2.872366268806581,312.107,88.0,Extreme Greed
2024-03-15,0.8647,1.0749,0.7906,1.0534,361194144.1,328959784.59171,1330140.0,180502541.2,164847105.27752,361194144.1,-189061.70000004768,1.053,64.51371197362505,2.872366268806581,312.107,83.0,Extreme Greed
2024-03-16,1.0535,1.145,0.862,0.905,304229384.4,308560841.56144,1053767.0,149612736.9,150705327.03795,304229384.4,-5003910.599999964,0.905,53.55809902960935,2.872366268806581,312.107,81.0,Extreme Greed
2024-03-17,0.9051,0.917,0.8264,0.9046,151194929.1,133019141.37868,441288.0,77915020.9,68608048.5323,151194929.1,4635112.700000018,0.9043,55.462509662458125,2.872366268806581,312.107,79.0,Extreme Greed
2024-03-18,0.9046,0.9047,0.8095,0.8345,111338277.7,95072505.95169,326575.0,54881314.4,46869769.63517,111338277.7,-1575648.900000006,0.8345,52.70568070519099,2.872366268806581,312.107,77.0,Extreme Greed
2024-03-19,0.8345,0.8844,0.749,0.8221,152541182.1,124839088.1838,517151.0,75268944.9,61694791.92212,152541182.1,-2003292.2999999821,0.8222,56.629834254143645,2.872366268806581,312.107,79.0,Extreme Greed
2024-03-20,0.8221,0.8845,0.767,0.8679,100383275.2,82730996.61434,310217.0,50254238.9,41401230.83821,100383275.2,125202.59999999404,0.8679,55.63181267662495,2.872366268806581,312.107,74.0,Greed
2024-03-21,0.8681,0.8833,0.806,0.8248,79628531.9,67005973.53056,217616.0,40599339.8,34126870.7182,79628531.9,1570147.699999988,0.8247,41.84341859014348,2.872366268806581,312.107,78.0,Extreme Greed
2024-03-22,0.8248,0.8466,0.7729,0.7949,65069852.0,52537589.71413,184021.0,32781775.3,26462128.89846,65069852.0,493698.6000000015,0.7949,40.2188577424674,2.872366268806581,312.107,75.0,Extreme Greed
2024-03-23,0.7949,0.8274,0.785,0.803,52613176.6,42695470.64048,127428.0,27771226.8,22549701.35765,52613176.6,2929277.0,0.803,42.503459941565445,2.872366268806581,312.107,73.0,Greed
2024-03-24,0.8026,0.825,0.7887,0.8173,32701553.1,26331859.66891,93411.0,16254446.5,13092545.78652,32701553.1,-192660.1000000015,0.8174,46.07097591888467,2.872366268806581,312.107,74.0,Greed
2024-03-25,0.8174,0.8573,0.8103,0.8385,52366989.1,43839178.48727,139329.0,26229724.7,21967266.68249,52366989.1,92460.29999999702,0.8385,45.32605203983295,2.872366268806581,312.107,75.0,Extreme Greed
2024-03-26,0.8385,0.8704,0.8201,0.8431,57271189.5,48419901.78394,177020.0,27407450.8,23171320.13183,57271189.5,-2456287.8999999985,0.8431,45.35238401027451,2.872366268806581,312.107,81.0,Extreme Greed
2024-03-27,0.8431,0.9135,0.8336,0.8925,133612853.3,116386333.60101,392399.0,67043493.9,58413989.72171,133612853.3,474134.5,0.8927,49.43435546293541,2.872366268806581,312.107,83.0,Extreme Greed
2024-03-28,0.8922,0.9085,0.855,0.8662,75318706.2,65841669.31241,210924.0,36211758.1,31659852.66706,75318706.2,-2895190.0,0.8661,50.12830188679246,2.872366268806581,312.107,80.0,Extreme Greed
2024-03-29,0.8663,0.8808,0.8208,0.8295,52995218.6,44891575.84499,156981.0,26382933.7,22343884.84784,52995218.6,-229351.20000000298,0.8295,28.10969637610185,2.872366268806581,312.107,79.0,Extreme Greed
2024-03-30,0.8295,0.845,0.813,0.8179,32643473.5,27102856.16331,96889.0,17002242.0,14123377.26114,32643473.5,1361010.5,0.8179,38.3587276129377,2.872366268806581,312.107,75.0,Extreme Greed
2024-03-31,0.818,0.8284,0.8027,0.8234,25591559.0,20955564.97678,81179.0,12835454.0,10507944.29714,25591559.0,79349.0,0.8238,39.38834695491695,2.872366268806581,312.107,75.0,Extreme Greed
2024-04-01,0.8235,0.8266,0.7508,0.7779,64404354.9,50259433.93664,185697.0,32827912.5,25605386.11787,64404354.9,1251470.1000000015,0.778,42.0489726991275,2.872366268806581,313.016,79.0,Extreme Greed
2024-04-02,0.778,0.7799,0.7006,0.7053,67815492.3,49119729.88547,176294.0,33017483.4,23916760.40017,67815492.3,-1780525.5,0.7052,35.930735930735935,2.872366268806581,313.016,79.0,Extreme Greed
2024-04-03,0.7054,0.7381,0.6756,0.7023,44336731.6,31573385.5788,122778.0,21879836.0,15587879.59222,44336731.6,-577059.6000000015,0.7024,27.809064092249926,2.872366268806581,313.016,71.0,Greed
2024-04-04,0.7024,0.7495,0.6824,0.7186,46765487.2,33611758.10168,108799.0,23370531.3,16802886.62353,46765487.2,-24424.60000000149,0.7186,34.66319745591211,2.872366268806581,313.016,70.0,Greed
2024-04-05,0.7185,0.7186,0.6684,0.6947,47459978.2,32729598.08341,104729.0,24056634.8,16614396.93984,47459978.2,653291.3999999985,0.6948,35.27508090614886,2.872366268806581,313.016,79.0,Extreme Greed
2024-04-06,0.6946,0.7276,0.6886,0.714,37674757.0,26834245.25309,75762.0,20618273.0,14690656.47195,37674757.0,3561789.0,0.714,37.32193732193731,2.872366268806581,313.016,75.0,Extreme Greed
2024-04-07,0.714,0.7383,0.71,0.733,19579293.8,14164087.03448,49856.0,8966538.1,6485285.79518,19579293.8,-1646217.6000000015,0.733,38.13273340832395,2.872366268806581,313.016,78.0,Extreme Greed
2024-04-08,0.733,0.7533,0.7146,0.7408,35144185.9,26024388.60628,83794.0,16483738.8,12209693.42681,35144185.9,-2176708.299999997,0.7408,35.728892784107515,2.872366268806581,313.016,76.0,Extreme Greed
2024-04-09,0.7409,0.744,0.6792,0.6849,71224751.1,50412094.99453,156154.0,38271384.2,27071715.49056,71224751.1,5318017.300000012,0.685,29.911054637865334,2.872366268806581,313.016,80.0,Extreme Greed
2024-04-10,0.6849,0.693,0.6377,0.6718,46040472.6,30686805.5502,105014.0,22166906.6,14786687.92401,46040472.6,-1706659.3999999985,0.6718,19.070288434612152,2.872366268806581,313.016,78.0,Extreme Greed
2024-04-11,0.6719,0.6801,0.6566,0.6627,26665162.0,17815090.48485,67765.0,12824905.4,8572785.6527,26665162.0,-1015351.1999999993,0.6628,20.05891016200296,2.872366268806581,313.016,76.0,Extreme Greed
2024-04-12,0.6627,0.6749,0.4663,0.577,103440562.7,59355758.75204,251417.0,49976467.6,28623193.78277,103440562.7,-3487627.5,0.5771,17.524446731857964,2.872366268806581,313.016,79.0,Extreme Greed
2024-04-13,0.577,0.5827,0.4163,0.4917,151170623.7,76292984.70339,391026.0,74578223.7,37631057.15871,151170623.7,-2014176.2999999821,0.4917,14.727508650519042,2.872366268806581,313.016,72.0,Greed
2024-04-14,0.4917,0.5589,0.4683,0.5454,110804459.4,57069918.76716,278155.0,56271920.1,29003650.52948,110804459.4,1739380.799999997,0.5453,22.70143109194275,2.872366268806581,313.016,72.0,Greed
2024-04-15,0.5455,0.5636,0.4788,0.496,92373901.9,48521187.21362,218449.0,46959044.3,24696319.77974,92373901.9,1544186.699999988,0.4959,22.542339887093632,2.872366268806581,313.016,74.0,Greed
2024-04-16,0.496,0.5002,0.4558,0.4866,67946907.9,32571302.79983,144605.0,35013906.1,16786483.07215,67946907.9,2080904.299999997,0.4866,25.721901377165707,2.872366268806581,313.016,65.0,Greed
2024-04-17,0.4865,0.5293,0.4786,0.5002,77586273.4,39039021.45362,176092.0,38725853.2,19483792.04121,77586273.4,-134567.0,0.5002,28.06941431670282,2.872366268806581,313.016,67.0,Greed
2024-04-18,0.5002,0.5424,0.4798,0.52,70842290.1,35854965.98723,141738.0,35286017.6,17859162.5826,70842290.1,-270254.89999999106,0.5201,28.642134710565955,2.872366268806581,313.016,57.0,Greed
2024-04-19,0.52,0.579,0.4748,0.5571,76609593.5,41197257.21358,191851.0,38515644.1,20719558.92881,76609593.5,421694.700000003,0.5571,35.59322033898306,2.872366268806581,313.016,66.0,Greed
2024-04-20,0.5571,0.6036,0.5437,0.6017,46536309.7,26804543.09253,127950.0,24376247.6,14040097.04152,46536309.7,2216185.5,0.6018,38.855780691299174,2.872366268806581,313.016,66.0,Greed
2024-04-21,0.6016,0.6117,0.5744,0.588,43012196.5,25552616.20254,115584.0,21338060.0,12678772.98702,43012196.5,-336076.5,0.588,35.44761140104376,2.872366268806581,313.016,72.0,Greed
2024-04-22,0.588,0.6746,0.5832,0.6473,87759441.1,56356700.37816,258741.0,45436830.8,29171359.45669,87759441.1,3114220.5,0.6472,41.48471615720524,2.872366268806581,313.016,73.0,Greed
2024-04-23,0.6472,0.6852,0.6344,0.6383,84219525.4,55535621.15555,273910.0,42998786.4,28372190.77938,84219525.4,1778047.399999991,0.6384,45.364106645443684,2.872366268806581,313.016,71.0,Greed
2024-04-24,0.6383,0.6564,0.5864,0.5916,75025244.4,46601294.69026,211311.0,38135595.6,23705755.80752,75025244.4,1245946.799999997,0.5916,42.521447221186136,2.872366268806581,313.016,72.0,Greed
2024-04-25,0.5915,0.6595,0.5794,0.63,83439361.3,51368268.24843,248923.0,41711336.2,25674464.7151,83439361.3,-16688.89999999106,0.6301,47.1097754993813,2.872366268806581,313.016,72.0,Greed
2024-04-26,0.6299,0.6405,0.5795,0.5851,66932900.9,40548124.91378,187864.0,34686008.5,21011406.13809,66932900.9,2439116.1000000015,0.585,50.75223766901542,2.872366268806581,313.016,70.0,Greed
2024-04-27,0.5851,0.5956,0.5464,0.586,61845884.2,35112593.01692,140778.0,32106712.5,18220209.3457,61845884.2,2367540.799999997,0.5859,60.68996822514752,2.872366268806581,313.016,67.0,Greed
2024-04-28,0.5861,0.6231,0.5816,0.5937,46709450.8,28317437.20895,123474.0,22096818.6,13393870.86031,46709450.8,-2515813.599999994,0.5936,56.11857106663289,2.872366268806581,313.016,65.0,Greed
2024-04-29,0.5937,0.6471,0.5836,0.6354,99682007.5,61670275.48211,284786.0,49994895.0,30950588.7212,99682007.5,307782.5,0.6355,68.02685950413222,2.872366268806581,313.016,67.0,Greed
2024-04-30,0.6355,0.636,0.5333,0.5426,83067552.9,47978380.44238,224226.0,40388505.8,23305796.94513,83067552.9,-2290541.300000012,0.5424,55.92356687898089,2.872366268806581,313.016,67.0,Greed
2024-05-01,0.5426,0.5497,0.495,0.5317,105158645.8,55278247.55153,247846.0,52571745.2,27644469.85937,105158645.8,-15155.39999999106,0.5317,53.36466566972869,2.872366268806581,313.14,54.0,Greed
2024-05-02,0.5317,0.5501,0.4994,0.5402,66812652.1,35247461.87673,169139.0,33774406.0,17812050.65756,66812652.1,736159.8999999985,0.5402,52.20056930151084,2.872366268806581,313.14,43.0,Fear
2024-05-03,0.5402,0.5751,0.5267,0.57,62378730.4,34428184.00899,148220.0,31055902.4,17169514.08924,62378730.4,-266925.6000000015,0.5701,51.44572953736655,2.872366268806581,313.14,48.0,Fear
2024-05-04,0.5699,0.5808,0.5567,0.5643,42308893.8,23996322.95092,95349.0,19653895.4,11156470.67956,42308893.8,-3001103.0,0.5643,45.4346238130022,2.872366268806581,313.14,67.0,Greed
2024-05-05,0.5644,0.58,0.5484,0.5601,43721763.7,24649981.08072,122593.0,21003784.5,11843155.27063,43721763.7,-1714194.700000003,0.5601,46.52206432311145,2.872366268806581,313.14,69.0,Greed
2024-05-06,0.56,0.5871,0.5371,0.5413,47906890.1,26892167.222,151312.0,23585593.5,13234614.17627,47906890.1,-735703.1000000015,0.5412,35.31042128603106,2.872366268806581,313.14,71.0,Greed
2024-05-07,0.5413,0.5518,0.521,0.5231,42390033.2,22892754.12226,133033.0,21309822.5,11508306.82624,42390033.2,229611.79999999702,0.5231,34.4231288840854,2.872366268806581,313.14,68.0,Greed
2024-05-08,0.523,0.5463,0.5112,0.5212,47345620.8,24933809.4987,123648.0,23264281.6,12250837.94982,47345620.8,-817057.599999994,0.5211,39.16384875499539,2.872366268806581,313.14,64.0,Greed
2024-05-09,0.5211,0.5481,0.5126,0.5395,26298449.4,13790069.3446,66532.0,12863306.9,6751131.26233,26298449.4,-571835.5999999978,0.5396,35.178512938093675,2.872366268806581,313.14,55.0,Greed
2024-05-10,0.5396,0.5484,0.5029,0.5074,42800145.3,22384577.00525,98039.0,21229098.7,11094298.06832,42800145.3,-341947.8999999985,0.5074,36.730506155950756,2.872366268806581,313.14,66.0,Greed
2024-05-11,0.5073,0.5174,0.4976,0.4996,21916343.5,11091388.95852,49818.0,11118444.9,5628195.18515,21916343.5,320546.30000000075,0.4996,35.583027063147355,2.872366268806581,313.14,53.0,Greed
2024-05-12,0.4996,0.5078,0.4927,0.5,14647053.1,7338107.88163,34679.0,7825300.3,3920101.03278,14647053.1,1003547.5,0.5,33.97260273972603,2.872366268806581,313.14,56.0,Greed
2024-05-13,0.5001,0.5104,0.4724,0.4848,57792034.9,28195563.27454,112651.0,30626803.3,14945793.24325,57792034.9,3461571.700000003,0.4848,21.59819072747834,2.872366268806581,313.14,57.0,Greed
2024-05-14,0.4849,0.4878,0.4444,0.4558,47758290.0,22158104.75247,91058.0,25441373.5,11799392.28744,47758290.0,3124457.0,0.4558,28.47912524850895,2.872366268806581,313.14,66.0,Greed
2024-05-15,0.4558,0.5475,0.4468,0.5284,72478116.9,36364658.52775,157682.0,37048895.1,18589197.64045,72478116.9,1619673.299999997,0.5284,49.372862029646534,2.872366268806581,313.14,64.0,Greed
2024-05-16,0.5282,0.5908,0.5203,0.5394,92274891.5,51092914.24465,227381.0,46167064.0,25558280.87225,92274891.5,59236.5,0.5394,49.84939759036144,2.872366268806581,313.14,70.0,Greed
2024-05-17,0.5395,0.57,0.5372,0.5606,48576684.7,27102401.65348,127427.0,24788634.7,13824278.38392,48576684.7,1000584.6999999955,0.5605,48.130841121495315,2.872366268806581,313.14,74.0,Greed
2024-05-18,0.5606,0.5732,0.544,0.5489,30666727.3,17084285.24488,71752.0,14717332.8,8204550.41925,30666727.3,-1232061.6999999993,0.5489,47.06778370144707,2.872366268806581,313.14,73.0,Greed
2024-05-19,0.5489,0.5509,0.5189,0.523,20804430.5,11090718.49273,56363.0,9945875.7,5305348.81396,20804430.5,-912679.1000000015,0.523,43.47520225114315,2.872366268806581,313.14,72.0,Greed
2024-05-20,0.523,0.5861,0.5097,0.5802,65323727.4,36055214.58333,183501.0,33050269.8,18236992.60556,65323727.4,776812.200000003,0.5802,56.044637321760696,2.872366268806581,313.14,70.0,Greed
2024-05-21,0.5802,0.6003,0.564,0.5699,52411139.5,30239106.99603,128002.0,25647616.9,14805493.14898,52411139.5,-1115905.700000003,0.57,57.45154115030186,2.872366268806581,313.14,76.0,Extreme Greed
2024-05-22,0.5699,0.577,0.5366,0.5446,43833141.5,24252995.44268,100877.0,21062808.4,11649039.37012,43833141.5,-1707524.700000003,0.5446,53.47530316474415,2.872366268806581,313.14,76.0,Extreme Greed
2024-05-23,0.5448,0.5563,0.4929,0.5238,51444224.2,27217411.6501,128881.0,25759368.0,13632836.35232,51444224.2,74511.79999999702,0.524,47.70723104056438,2.872366268806581,313.14,76.0,Extreme Greed
2024-05-24,0.5238,0.5278,0.4978,0.5164,30422719.8,15617361.31689,70465.0,16752008.7,8603835.53408,30422719.8,3081297.5999999978,0.5165,51.44215530903329,2.872366268806581,313.14,74.0,Greed
2024-05-25,0.5163,0.5394,0.5143,0.5326,23410411.3,12402978.02142,55036.0,12156068.4,6443642.56657,23410411.3,901725.5,0.5326,55.0957381099444,2.872366268806581,313.14,76.0,Extreme Greed
2024-05-26,0.5328,0.5502,0.5249,0.5366,29069215.7,15656162.38795,73030.0,14558141.7,7844483.28689,29069215.7,47067.699999999255,0.5367,55.60305343511449,2.872366268806581,313.14,75.0,Extreme Greed
2024-05-27,0.5366,0.5799,0.5332,0.5695,54761721.3,30396851.78988,122747.0,27194146.4,15092225.99267,54761721.3,-373428.5,0.5696,62.28273464658169,2.872366268806581,313.14,74.0,Greed
2024-05-28,0.5697,0.5775,0.5317,0.5406,46437121.4,25387326.58315,102724.0,22693042.1,12409190.17131,46437121.4,-1051037.1999999955,0.5406,62.28273464658169,2.872366268806581,313.14,72.0,Greed
2024-05-29,0.5407,0.5467,0.5136,0.5163,38192031.0,20208678.86361,88083.0,18785700.0,9935436.35766,38192031.0,-620631.0,0.5162,47.94612794612795,2.872366268806581,313.14,72.0,Greed
2024-05-30,0.5162,0.5255,0.5005,0.511,24975820.1,12869867.54477,60545.0,11699490.4,6031778.11722,24975820.1,-1576839.3000000007,0.5109,45.10813594232751,2.872366268806581,313.14,73.0,Greed
2024-05-31,0.5109,0.5217,0.5,0.507,21061596.6,10730538.73712,57284.0,9890592.2,5042629.71231,21061596.6,-1280412.200000003,0.5071,40.25547445255474,2.872366268806581,313.14,73.0,Greed
2024-06-01,0.5071,0.5087,0.4905,0.4932,28133257.5,14009524.03393,57741.0,14499134.1,7215315.87706,28133257.5,865010.6999999993,0.4932,39.92037640246109,2.872366268806581,313.131,72.0,Greed
2024-06-02,0.4932,0.5041,0.4752,0.4792,39554800.3,19374914.18692,76314.0,19252314.9,9437008.31611,39554800.3,-1050170.5,0.4793,41.73287930382141,2.872366268806581,313.131,73.0,Greed
2024-06-03,0.4793,0.5195,0.4725,0.5039,41885886.1,21058223.12333,87667.0,22072633.3,11099234.86307,41885886.1,2259380.5,0.504,33.563416738567724,2.872366268806581,313.131,73.0,Greed
2024-06-04,0.504,0.5275,0.4983,0.5219,30764851.0,15767824.38097,72211.0,16319217.6,8360643.46621,30764851.0,1873584.1999999993,0.5219,39.95824634655534,2.872366268806581,313.131,73.0,Greed
2024-06-05,0.5219,0.5326,0.5145,0.528,24982176.8,13086216.47001,61707.0,12471200.3,6532045.96033,24982176.8,-39776.199999999255,0.5279,46.206269877328495,2.872366268806581,313.131,75.0,Extreme Greed
2024-06-06,0.5279,0.532,0.5033,0.5098,23073342.5,11994311.8108,58859.0,11063045.1,5751771.61452,23073342.5,-947252.3000000007,0.5099,46.758620689655174,2.872366268806581,313.131,78.0,Extreme Greed
2024-06-07,0.5097,0.5653,0.4636,0.5285,112495239.1,59449193.61338,248296.0,55803701.0,29485053.36816,112495239.1,-887837.099999994,0.5288,52.686762778505916,2.872366268806581,313.131,77.0,Extreme Greed
2024-06-08,0.5287,0.5479,0.488,0.4938,89250126.0,46564197.93298,203604.0,46359201.7,24168522.34068,89250126.0,3468277.400000006,0.4937,42.154094392900376,2.872366268806581,313.131,72.0,Greed
2024-06-09,0.4937,0.5054,0.4812,0.5018,45466570.3,22362135.37146,110029.0,24089134.2,11847466.68158,45466570.3,2711698.1000000015,0.5019,43.09523809523811,2.872366268806581,313.131,75.0,Extreme Greed
2024-06-10,0.5018,0.5044,0.4753,0.4818,45661869.7,22310785.40295,112671.0,23233284.5,11355040.10137,45661869.7,804699.299999997,0.4818,31.64715719063547,2.872366268806581,313.131,72.0,Greed
2024-06-11,0.4818,0.484,0.4497,0.4566,64496104.3,30127338.90518,162258.0,30847079.3,14414461.06622,64496104.3,-2801945.6999999993,0.4566,32.15802888700087,2.872366268806581,313.131,74.0,Greed
2024-06-12,0.4566,0.4959,0.4386,0.4803,61779978.6,29100460.87163,149364.0,31949662.3,15034806.9665,61779978.6,2119346.0,0.4804,42.37649063032368,2.872366268806581,313.131,72.0,Greed
2024-06-13,0.4803,0.4894,0.4399,0.4426,47744267.4,22025533.07069,109152.0,23746286.9,10957009.7607,47744267.4,-251693.6000000015,0.4426,37.22409277964833,2.872366268806581,313.131,70.0,Greed
2024-06-14,0.4426,0.4519,0.4085,0.4195,56697630.0,24421557.3542,105235.0,29357636.3,12643949.41897,56697630.0,2017642.6000000015,0.4195,34.71737613398466,2.872366268806581,313.131,74.0,Greed
2024-06-15,0.4191,0.4253,0.4129,0.4164,16594009.0,6955661.33714,38076.0,8682550.6,3640835.00729,16594009.0,771092.1999999993,0.4162,36.050724637681164,2.872366268806581,313.131,74.0,Greed
2024-06-16,0.4164,0.421,0.4017,0.4142,21610909.8,8902104.70843,39913.0,10340773.9,4260348.75716,21610909.8,-929362.0,0.4142,37.67512305944718,2.872366268806581,313.131,71.0,Greed
2024-06-17,0.4142,0.4195,0.367,0.3788,63976152.4,24773230.24535,97550.0,32603615.5,12620448.30079,63976152.4,1231078.6000000015,0.3787,27.20989450709348,2.872366268806581,313.131,71.0,Greed
2024-06-18,0.3788,0.3817,0.3311,0.3438,84071332.5,29444245.27836,132713.0,42305346.6,14812345.78207,84071332.5,539360.700000003,0.3438,19.492977046933888,2.872366268806581,313.131,74.0,Greed
2024-06-19,0.3437,0.3648,0.3371,0.3582,54427309.6,19271617.96331,78817.0,27697261.1,9807272.24932,54427309.6,967212.6000000015,0.3582,21.744921744921754,2.872366268806581,313.131,64.0,Greed
2024-06-20,0.3581,0.398,0.3539,0.3604,59910485.5,22261770.83285,92298.0,29999303.8,11153849.29309,59910485.5,88122.10000000149,0.3603,23.699015471167385,2.872366268806581,313.131,60.0,Greed
2024-06-21,0.3605,0.3755,0.3544,0.3636,40993477.8,14921371.09931,82040.0,21112680.6,7687352.48043,40993477.8,1231883.400000006,0.3635,19.240788983997007,2.872366268806581,313.131,63.0,Greed
2024-06-22,0.3636,0.3674,0.354,0.3542,18729027.9,6733318.48184,38868.0,9887510.0,3553680.97803,18729027.9,1045992.1000000015,0.3542,21.284479209551236,2.872366268806581,313.131,53.0,Greed
2024-06-23,0.3543,0.3624,0.343,0.3488,22377254.2,7894745.3998,42196.0,10802720.9,3812801.13076,22377254.2,-771812.3999999985,0.3488,18.11745106205747,2.872366268806581,313.131,55.0,Greed
2024-06-24,0.3488,0.3665,0.329,0.3646,54794759.8,19014718.21987,93612.0,27009945.6,9378898.27308,54794759.8,-774868.599999994,0.3647,25.18016108520561,2.872366268806581,313.131,51.0,Greed
2024-06-25,0.3647,0.3844,0.3608,0.3742,36951668.1,13795779.58188,70423.0,18409285.3,6875614.76979,36951668.1,-133097.5,0.3742,31.289736603088087,2.872366268806581,313.131,30.0,Fear
2024-06-26,0.3741,0.3769,0.3506,0.3522,29161914.6,10567693.41862,61346.0,15058451.2,5457891.08186,29161914.6,954987.799999997,0.3523,20.659642693540988,2.872366268806581,313.131,46.0,Fear
2024-06-27,0.3521,0.367,0.3445,0.3603,24231536.9,8626517.47212,57086.0,12144489.5,4322554.888,24231536.9,57442.10000000149,0.3605,28.24589295177529,2.872366268806581,313.131,40.0,Fear
2024-06-28,0.3603,0.3628,0.3398,0.3409,22600630.0,7968656.72865,43512.0,11327539.3,3992214.85924,22600630.0,54448.60000000149,0.3408,28.764166216945483,2.872366268806581,313.131,47.0,Fear
2024-06-29,0.3409,0.3481,0.3311,0.3331,18325988.0,6223596.95922,31884.0,9279679.0,3153106.95469,18325988.0,233370.0,0.3332,28.11181434599156,2.872366268806581,313.131,30.0,Fear
2024-06-30,0.333,0.3435,0.3246,0.3408,25561624.3,8519893.57867,43189.0,12964203.7,4322338.01303,25561624.3,366783.09999999776,0.3408,31.19877049180326,2.872366268806581,313.131,47.0,Fear
2024-07-01,0.3409,0.3477,0.3321,0.3331,25858080.3,8780113.40323,55811.0,12621364.5,4286413.96698,25858080.3,-615351.3000000007,0.3332,36.40167364016736,2.872366268806581,313.566,53.0,Greed
2024-07-02,0.333,0.3487,0.329,0.3389,30626904.4,10335780.95912,56957.0,14672960.6,4951458.487,30626904.4,-1280983.1999999993,0.3388,48.188405797101446,2.872366268806581,313.566,51.0,Greed
2024-07-03,0.339,0.3473,0.3091,0.3112,46447290.4,15173912.16207,81400.0,23714641.8,7745421.38185,46447290.4,981993.200000003,0.3112,34.457671957671934,2.872366268806581,313.566,50.0,Neutral
2024-07-04,0.3112,0.3136,0.273,0.2754,62203500.9,18114956.48286,92601.0,29446953.0,8580751.19586,62203500.9,-3309594.8999999985,0.2753,27.027027027027003,2.872366268806581,313.566,44.0,Fear
2024-07-05,0.2754,0.2793,0.2407,0.2731,128520025.3,33503058.15867,173510.0,63702717.9,16616100.4916,128520025.3,-1114589.5,0.273,25.420966865833776,2.872366268806581,313.566,29.0,Fear
2024-07-06,0.2731,0.291,0.2704,0.2889,49718329.9,13983304.71919,66044.0,24577757.2,6915801.89754,49718329.9,-562815.5,0.2889,32.878867330886195,2.872366268806581,313.566,26.0,Fear
2024-07-07,0.289,0.2891,0.2576,0.2593,46157349.7,12640868.84392,70242.0,23247049.8,6367913.14729,46157349.7,336749.8999999985,0.2593,29.176361098185183,2.872366268806581,313.566,29.0,Fear
2024-07-08,0.2592,0.3034,0.2471,0.2867,96750310.2,27247873.49427,139797.0,49563502.7,13957072.76413,96750310.2,2376695.200000003,0.2867,32.77385159010599,2.872366268806581,313.566,28.0,Fear
2024-07-09,0.2867,0.3463,0.2841,0.3337,129427044.2,41198648.42774,205901.0,66408223.7,21127979.07767,129427044.2,3389403.200000003,0.3336,42.30477634571645,2.872366268806581,313.566,27.0,Fear
2024-07-10,0.3338,0.3452,0.319,0.3342,82549170.1,27415311.24626,140700.0,40695940.3,13522744.30791,82549170.1,-1157289.5,0.3341,46.245874587458744,2.872366268806581,313.566,28.0,Fear
2024-07-11,0.3341,0.3352,0.3094,0.3113,64935419.7,20941830.62814,120213.0,32430779.7,10463096.25181,64935419.7,-73860.30000000447,0.3112,40.41229093737845,2.872366268806581,313.566,29.0,Fear
2024-07-12,0.3113,0.3274,0.3061,0.3118,62171569.2,19658646.00017,123189.0,31963872.7,10118498.86193,62171569.2,1756176.1999999955,0.3118,43.907563025210095,2.872366268806581,313.566,25.0,Fear
2024-07-13,0.3118,0.3205,0.3064,0.3154,39278594.8,12301635.26297,74014.0,20895092.6,6547438.27158,39278594.8,2511590.400000006,0.3153,46.17357845233006,2.872366268806581,313.566,25.0,Fear
2024-07-14,0.3153,0.3359,0.3151,0.3279,37829869.7,12365619.40393,68878.0,19091589.5,6244138.49861,37829869.7,353309.299999997,0.3279,47.30012557555463,2.872366268806581,313.566,33.0,Fear
2024-07-15,0.3278,0.3648,0.325,0.3559,60186506.9,20965849.84196,111669.0,31895377.3,11112451.19967,60186506.9,3604247.700000003,0.3561,54.41233140655106,2.872366268806581,313.566,52.0,Greed
2024-07-16,0.356,0.3692,0.3373,0.3609,60970226.7,21470775.81201,110117.0,31952484.0,11251419.81505,60970226.7,2934741.299999997,0.3609,54.2713567839196,2.872366268806581,313.566,65.0,Greed
2024-07-17,0.3609,0.373,0.3483,0.3494,52592309.8,18886574.12483,91578.0,25806978.4,9270192.91999,52592309.8,-978353.0,0.3494,57.873042044517724,2.872366268806581,313.566,69.0,Greed
2024-07-18,0.3495,0.3679,0.3389,0.3496,48057423.7,16977392.22186,88305.0,23748857.2,8394520.09747,48057423.7,-559709.3000000045,0.3498,67.98647996137132,2.872366268806581,313.566,61.0,Greed
2024-07-19,0.3497,0.3973,0.3423,0.3848,70740807.0,26102361.15485,139756.0,36719475.5,13554092.1263,70740807.0,2698144.0,0.3849,73.32221759066277,2.872366268806581,313.566,60.0,Greed
2024-07-20,0.3847,0.43,0.3817,0.3983,74076936.9,29747686.8592,146525.0,37979452.9,15257418.88462,74076936.9,1881968.899999991,0.3983,73.04128053917438,2.872366268806581,313.566,74.0,Greed
2024-07-21,0.3982,0.3998,0.3702,0.3943,47692552.9,18449133.41445,79022.0,24136346.9,9335315.87019,47692552.9,580140.8999999985,0.3943,81.86968838526911,2.872366268806581,313.566,74.0,Greed
2024-07-22,0.3944,0.418,0.3844,0.3939,86339219.8,34581048.50799,152139.0,43559254.2,17457635.65989,86339219.8,779288.6000000089,0.3941,79.08992416034668,2.872366268806581,313.566,70.0,Greed
2024-07-23,0.3938,0.3995,0.3703,0.3761,58495172.3,22445185.55442,89828.0,28841509.2,11071768.99613,58495172.3,-812153.8999999985,0.3761,63.648041104688495,2.872366268806581,313.566,71.0,Greed
2024-07-24,0.3762,0.382,0.3529,0.3565,50412884.0,18551899.58209,83868.0,26647253.5,9810466.03898,50412884.0,2881623.0,0.3565,56.40732265446224,2.872366268806581,313.566,69.0,Greed
2024-07-25,0.3564,0.3596,0.34,0.3552,49599105.6,17362272.09767,73887.0,24883314.3,8717547.73109,49599105.6,167523.0,0.3552,64.3603133159269,2.872366268806581,313.566,68.0,Greed
2024-07-26,0.3553,0.3758,0.354,0.3724,26927485.0,9869942.8072,50950.0,14673913.1,5380692.61034,26927485.0,2420341.1999999993,0.3725,67.86344908769865,2.872366268806581,313.566,68.0,Greed
2024-07-27,0.3723,0.3758,0.3517,0.3662,45950261.0,16857688.95337,76961.0,22431817.3,8230219.27393,45950261.0,-1086626.3999999985,0.3662,64.73653734800232,2.872366268806581,313.566,72.0,Greed
2024-07-28,0.3661,0.3668,0.347,0.3519,28095595.2,10018475.0995,51620.0,13297103.9,4742487.4218,28095595.2,-1501387.3999999985,0.3519,56.88073394495412,2.872366268806581,313.566,71.0,Greed
2024-07-29,0.3519,0.3716,0.3508,0.3514,50724238.8,18287724.31611,76486.0,24065893.7,8686444.67393,50724238.8,-2592451.3999999985,0.3512,48.33219877467664,2.872366268806581,313.566,74.0,Greed
2024-07-30,0.3514,0.3598,0.328,0.3331,54481466.0,18663940.80032,71940.0,25543854.5,8739369.5522,54481466.0,-3393757.0,0.3332,41.349156777014365,2.872366268806581,313.566,67.0,Greed
2024-07-31,0.3332,0.3367,0.3164,0.3167,41490089.4,13579356.95134,60950.0,21408610.2,7015894.98189,41490089.4,1327131.0,0.3167,40.0969109630527,2.872366268806581,313.566,61.0,Greed
2024-08-01,0.3168,0.3233,0.2879,0.3043,70178100.0,21301842.68481,86061.0,37504332.4,11355073.75278,70178100.0,4830564.799999997,0.3044,37.17514124293785,2.872366268806581,314.131,52.0,Greed
2024-08-02,0.3043,0.3058,0.2766,0.2798,64528820.1,18602431.18909,81569.0,31915205.3,9203461.21926,64528820.1,-698409.5,0.2798,18.43843843843841,2.872366268806581,314.131,57.0,Greed
2024-08-03,0.2797,0.2868,0.263,0.2674,46609480.5,12792412.15234,68600.0,23031328.0,6331920.92938,46609480.5,-546824.5,0.2674,10.453172205438065,2.872366268806581,314.131,37.0,Fear
2024-08-04,0.2674,0.2717,0.241,0.2501,73311973.6,18648214.45878,80578.0,37188748.7,9457184.9133,73311973.6,1065523.800000012,0.2502,9.68102965864577,2.872366268806581,314.131,34.0,Fear
2024-08-05,0.2502,0.2534,0.2026,0.2274,250375807.3,55396996.5761,256253.0,126490099.8,27976812.15411,250375807.3,2604392.299999982,0.2274,8.594138102334824,2.872366268806581,314.131,26.0,Fear
2024-08-06,0.2274,0.2494,0.227,0.2437,61080016.4,14726819.71059,81080.0,32259528.7,7783745.5728,61080016.4,3439041.0,0.2437,16.833667334669343,2.872366268806581,314.131,17.0,Extreme Fear
2024-08-07,0.2436,0.2616,0.2342,0.2358,61609944.8,15361565.69328,83687.0,29879942.4,7468692.3092,61609944.8,-1850060.0,0.2358,17.881852048962216,2.872366268806581,314.131,29.0,Fear
2024-08-08,0.2359,0.2934,0.231,0.2915,90637301.8,23810315.66099,98726.0,49531669.7,13019850.96734,90637301.8,8426037.600000009,0.2915,36.8551382583574,2.872366268806581,314.131,20.0,Extreme Fear
2024-08-09,0.2915,0.3062,0.2813,0.2893,66493474.0,19311852.02267,94298.0,32589011.2,9473936.27723,66493474.0,-1315451.5999999978,0.2891,31.662269129287594,2.872366268806581,314.131,48.0,Fear
2024-08-10,0.2893,0.3115,0.2841,0.2987,65994659.8,19669118.15959,84451.0,33440989.3,9971392.30893,65994659.8,887318.8000000045,0.2986,35.34258456201212,2.872366268806581,314.131,40.0,Fear
2024-08-11,0.2987,0.2997,0.2659,0.2681,59446575.3,16751545.21108,63459.0,27206122.7,7667097.64631,59446575.3,-5034329.8999999985,0.268,33.00931551235317,2.872366268806581,314.131,39.0,Fear
2024-08-12,0.2681,0.3145,0.2665,0.3046,152911027.0,45190871.53783,190430.0,76535768.6,22640622.99173,152911027.0,160510.19999998808,0.3046,41.76096181046675,2.872366268806581,314.131,25.0,Fear
2024-08-13,0.3046,0.3062,0.286,0.2942,74185458.1,21806499.91376,84475.0,37231854.2,10944651.27665,74185458.1,278250.3000000119,0.2942,42.91424418604652,2.872366268806581,314.131,31.0,Fear
2024-08-14,0.2941,0.3019,0.2775,0.2823,73533329.3,21203071.69673,81489.0,37995953.7,10968407.30142,73533329.3,2458578.100000009,0.2823,43.64375461936437,2.872366268806581,314.131,30.0,Fear
2024-08-15,0.2822,0.2852,0.2628,0.2752,66397528.6,18187919.7116,69581.0,34470300.4,9436111.2601,66397528.6,2543072.1999999955,0.2753,44.51564266867696,2.872366268806581,314.131,29.0,Fear
2024-08-16,0.2753,0.2795,0.2588,0.2671,60718960.7,16322792.69695,81628.0,30756429.7,8277700.81047,60718960.7,793898.6999999955,0.2671,47.448774608276416,2.872366268806581,314.131,27.0,Fear
2024-08-17,0.2671,0.2723,0.2602,0.2703,33206468.2,8821928.50689,53241.0,16540507.2,4395768.94582,33206468.2,-125453.80000000075,0.2704,50.62552126772309,2.872366268806581,314.131,25.0,Fear
2024-08-18,0.2702,0.2789,0.2656,0.2666,30967171.7,8444701.94256,74904.0,15176219.2,4139525.69063,30967171.7,-614733.3000000007,0.2664,53.574580759046796,2.872366268806581,314.131,31.0,Fear
2024-08-19,0.2665,0.268,0.2563,0.2669,46803541.3,12251223.92541,78061.0,23599962.2,6180678.33356,46803541.3,396383.1000000015,0.2668,59.647404505386895,2.872366268806581,314.131,28.0,Fear
2024-08-20,0.2668,0.2825,0.2604,0.2648,54999220.0,14929054.11472,54299.0,28438072.2,7726036.85845,54999220.0,1876924.3999999985,0.2648,55.55555555555556,2.872366268806581,314.131,30.0,Fear
2024-08-21,0.2647,0.2872,0.2594,0.28,58853359.3,16141130.69378,57438.0,29369743.5,8049809.69774,58853359.3,-113872.29999999702,0.28,61.206896551724164,2.872366268806581,314.131,26.0,Fear
2024-08-22,0.2801,0.2944,0.278,0.2847,62653199.1,17938978.12158,57196.0,31416730.4,9002532.10779,62653199.1,180261.69999999553,0.2846,47.63860369609857,2.872366268806581,314.131,39.0,Fear
2024-08-23,0.2848,0.3337,0.2846,0.3294,132830580.1,41704894.92789,141468.0,65845650.9,20654539.03326,132830580.1,-1139278.299999997,0.3293,60.668789808917204,2.872366268806581,314.131,34.0,Fear
2024-08-24,0.3295,0.3551,0.3293,0.3479,96219392.2,33097792.23432,118058.0,48649958.4,16738221.79891,96219392.2,1080524.599999994,0.3479,62.48101265822787,2.872366268806581,314.131,56.0,Greed
2024-08-25,0.3478,0.3619,0.3304,0.351,111441602.1,39152550.02183,146429.0,55067721.7,19381019.90818,111441602.1,-1306158.699999988,0.351,74.41176470588236,2.872366268806581,314.131,54.0,Greed
2024-08-26,0.3509,0.3673,0.3321,0.3333,117448221.5,41149453.69165,147650.0,59520686.3,20863593.356,117448221.5,1593151.099999994,0.3333,59.497021839841175,2.872366268806581,314.131,55.0,Greed
2024-08-27,0.3333,0.3485,0.302,0.3146,109844781.6,35761525.04089,121509.0,54419196.6,17751290.3707,109844781.6,-1006388.3999999911,0.3146,56.39899623588456,2.872366268806581,314.131,48.0,Fear
2024-08-28,0.3146,0.3209,0.2915,0.3053,116106846.1,35774955.44832,121432.0,55252004.6,17063409.89241,116106846.1,-5602836.899999991,0.3053,57.3341836734694,2.872366268806581,314.131,30.0,Fear
2024-08-29,0.3054,0.3282,0.2994,0.3037,74474706.1,23189859.60707,81344.0,39073522.2,12179493.57276,74474706.1,3672338.300000012,0.3037,59.37912813738443,2.872366268806581,314.131,29.0,Fear
2024-08-30,0.3035,0.3103,0.2805,0.2937,81111744.5,23991759.80373,79220.0,39157338.0,11596518.36364,81111744.5,-2797068.5,0.2938,58.719790986283485,2.872366268806581,314.131,34.0,Fear
2024-08-31,0.2938,0.3001,0.2817,0.2845,50356940.3,14717095.23952,46427.0,25822229.4,7545946.90864,50356940.3,1287518.5,0.2845,54.43117536140792,2.872366268806581,314.131,29.0,Fear
2024-09-01,0.2845,0.2866,0.2644,0.2664,45462133.7,12491775.03116,54479.0,21499290.1,5914603.3253,45462133.7,-2463553.5,0.2664,50.0,2.872366268806581,314.851,26.0,Fear
2024-09-02,0.2664,0.2861,0.2638,0.2846,49349286.4,13535995.24568,57265.0,26640447.3,7320966.67084,49349286.4,3931608.200000003,0.2846,54.65968586387436,2.872366268806581,314.851,26.0,Fear
2024-09-03,0.2846,0.2903,0.2627,0.2634,49747625.4,13767062.47721,56334.0,25187783.2,6978750.68671,49747625.4,627941.0,0.2633,49.643366619115554,2.872366268806581,314.851,26.0,Fear
2024-09-04,0.2636,0.2769,0.2516,0.2732,61554413.1,16348874.50706,65674.0,32480381.6,8645907.49127,61554413.1,3406350.1000000015,0.2731,48.31625183016105,2.872366268806581,314.851,27.0,Fear
2024-09-05,0.2732,0.2818,0.264,0.2657,60155498.8,16363466.64826,62206.0,29030407.7,7906321.12719,60155498.8,-2094683.3999999985,0.2657,45.45016851227732,2.872366268806581,314.851,29.0,Fear
2024-09-06,0.2656,0.2803,0.2512,0.2632,96897811.2,26004273.06954,76606.0,48865223.5,13131770.42144,96897811.2,832635.799999997,0.2632,30.03021148036254,2.872366268806581,314.851,22.0,Extreme Fear
2024-09-07,0.2631,0.273,0.2617,0.2669,47972236.2,12827503.55119,41012.0,24800103.0,6635119.12072,47972236.2,1627969.799999997,0.2669,23.107569721115567,2.872366268806581,314.851,23.0,Extreme Fear
2024-09-08,0.2669,0.2858,0.2654,0.2812,78607694.3,21697968.14024,62440.0,39462154.5,10898892.25431,78607694.3,316614.700000003,0.2811,28.385899814471273,2.872366268806581,314.851,29.0,Fear
2024-09-09,0.2811,0.3023,0.274,0.2955,107205412.0,30557511.6677,77797.0,55981602.9,15965409.49512,107205412.0,4757793.799999997,0.2955,38.06818181818182,2.872366268806581,314.851,26.0,Fear
2024-09-10,0.2955,0.2996,0.2888,0.2942,63002233.5,18471505.72251,46498.0,31033555.6,9103883.62776,63002233.5,-935122.299999997,0.2942,42.76595744680852,2.872366268806581,314.851,33.0,Fear
2024-09-11,0.2943,0.2975,0.2724,0.283,87661842.8,24765311.87954,60275.0,43307636.7,12239549.70633,87661842.8,-1046569.3999999911,0.2831,42.226890756302524,2.872366268806581,314.851,37.0,Fear
2024-09-12,0.2831,0.3092,0.2831,0.3029,106722937.5,31861768.29783,76423.0,52699261.2,15726567.86987,106722937.5,-1324415.099999994,0.3029,49.751552795031046,2.872366268806581,314.851,31.0,Fear
2024-09-13,0.3029,0.3132,0.2917,0.3049,71742740.0,21625337.08852,57472.0,35378991.8,10669676.11763,71742740.0,-984756.400000006,0.305,53.65535248041775,2.872366268806581,314.851,32.0,Fear
2024-09-14,0.305,0.3104,0.2951,0.299,44016295.9,13259376.29585,35278.0,21576736.4,6502575.79196,44016295.9,-862823.1000000015,0.299,54.83655770513676,2.872366268806581,314.851,50.0,Neutral
2024-09-15,0.299,0.3172,0.2955,0.2993,113483045.8,34942552.73146,97249.0,49450064.6,15220765.28595,113483045.8,-14582916.599999994,0.2993,62.45268735806206,2.872366268806581,314.851,51.0,Greed
2024-09-16,0.2993,0.2993,0.2657,0.2708,135541088.9,38351107.68771,88001.0,67763253.5,19139437.12537,135541088.9,-14581.90000000596,0.2708,45.15449438202246,2.872366268806581,314.851,39.0,Fear
2024-09-17,0.2708,0.2915,0.2649,0.2779,103622615.0,28897384.81419,74705.0,52317192.5,14595100.85491,103622615.0,1011770.0,0.2779,55.69422776911077,2.872366268806581,314.851,33.0,Fear
2024-09-18,0.2779,0.3117,0.2621,0.3106,139921303.7,39472163.52757,109070.0,72426826.3,20477615.58599,139921303.7,4932348.900000006,0.3106,62.40900066181336,2.872366268806581,314.851,45.0,Fear
2024-09-19,0.3108,0.345,0.3103,0.3355,183689269.5,61342867.73563,175242.0,90376275.1,30180580.67784,183689269.5,-2936719.300000012,0.3355,70.69988137603796,2.872366268806581,314.851,49.0,Fear
2024-09-20,0.3355,0.366,0.3267,0.3526,169136666.5,58883645.30852,167296.0,86308766.0,30078037.39959,169136666.5,3480865.5,0.3526,74.3995633187773,2.872366268806581,314.851,54.0,Greed
2024-09-21,0.3526,0.3996,0.3511,0.391,158501059.1,59094235.79149,169637.0,80901403.2,30166751.35605,158501059.1,3301747.300000012,0.3909,78.46648301193756,2.872366268806581,314.851,54.0,Greed
2024-09-22,0.391,0.3912,0.3596,0.3717,125625281.5,46626625.16679,134694.0,61229637.3,22732762.75149,125625281.5,-3166006.900000006,0.3719,70.39532794249774,2.872366268806581,314.851,52.0,Greed
2024-09-23,0.3719,0.4,0.3601,0.3654,151766634.9,56472160.17224,151918.0,75021655.2,27923805.23511,151766634.9,-1723324.5,0.3655,66.30941286113699,2.872366268806581,314.851,50.0,Neutral
2024-09-24,0.3654,0.4382,0.3619,0.4332,170852406.3,67167304.35455,177698.0,85984973.6,33825243.43964,170852406.3,1117540.8999999762,0.4333,74.74208466737815,2.872366268806581,314.851,54.0,Greed
2024-09-25,0.4335,0.4752,0.4311,0.4537,229526330.9,105407226.28175,324853.0,111070232.0,51005752.9666,229526330.9,-7385866.900000006,0.4538,79.38037865748709,2.872366268806581,314.851,59.0,Greed
2024-09-26,0.4538,0.5056,0.4403,0.4678,266414089.0,125120936.16157,330443.0,132941918.4,62381099.68088,266414089.0,-530252.1999999881,0.4678,78.96030909729538,2.872366268806581,314.851,50.0,Neutral
2024-09-27,0.4679,0.4812,0.4561,0.4618,122697359.1,57201322.15965,139498.0,63411852.4,29573531.09098,122697359.1,4126345.700000003,0.4618,77.16562716562716,2.872366268806581,314.851,61.0,Greed
2024-09-28,0.4617,0.464,0.4298,0.4458,113611533.8,50463512.25033,131111.0,56114754.1,24918741.85894,113611533.8,-1382025.599999994,0.446,74.63136729222519,2.872366268806581,314.851,64.0,Greed
2024-09-29,0.4458,0.5208,0.4359,0.4823,228682121.3,109464054.87309,296114.0,112301587.6,53661531.68161,228682121.3,-4078946.100000024,0.4823,77.36244019138755,2.872366268806581,314.851,63.0,Greed
2024-09-30,0.4823,0.493,0.4563,0.462,176982372.9,83060618.60397,223922.0,92319961.3,43339166.27074,176982372.9,7657549.699999988,0.4621,79.33149340693039,2.872366268806581,314.851,61.0,Greed
2024-10-01,0.462,0.5031,0.4118,0.4368,310091364.7,141811615.1295,356169.0,153118538.9,70214140.37301,310091364.7,-3854286.899999976,0.4369,73.09703660662406,2.872366268806581,315.564,50.0,Neutral
2024-10-02,0.4366,0.4746,0.4047,0.4232,275108022.3,120371321.26037,303349.0,140048928.5,61335270.18025,275108022.3,4989834.699999988,0.4232,67.31242312423124,2.872366268806581,315.564,42.0,Fear
2024-10-03,0.4232,0.441,0.3785,0.3957,224125449.5,91522928.72769,253852.0,109785399.1,44881471.40781,224125449.5,-4554651.300000012,0.3957,59.18242830994508,2.872366268806581,315.564,37.0,Fear
2024-10-04,0.3956,0.4286,0.3834,0.4192,170728089.1,69816156.3498,203909.0,85620240.4,35010242.378,170728089.1,512391.7000000179,0.4191,59.95211014666267,2.872366268806581,315.564,41.0,Fear
2024-10-05,0.4193,0.4205,0.3991,0.4095,86489642.2,35375708.17597,108399.0,41437322.1,16948678.47443,86489642.2,-3614998.0,0.4095,53.0451866404715,2.872366268806581,315.564,49.0,Fear
2024-10-06,0.4096,0.4461,0.4009,0.4389,109983963.5,46791721.88047,136607.0,57624476.5,24516766.04965,109983963.5,5264989.5,0.439,60.62044950933839,2.872366268806581,315.564,50.0,Neutral
2024-10-07,0.4388,0.4633,0.4243,0.4262,234761073.6,104160382.02483,235851.0,113550109.1,50423678.20454,234761073.6,-7660855.400000006,0.4261,59.398263027295286,2.872366268806581,315.564,50.0,Neutral
2024-10-08,0.4261,0.4598,0.4233,0.4328,195708485.7,86447444.75431,198806.0,97208548.6,42978457.02088,195708485.7,-1291388.5,0.4326,49.865951742627345,2.872366268806581,315.564,49.0,Fear
2024-10-09,0.4324,0.444,0.3989,0.4038,126917743.4,53130956.53888,124730.0,62683374.9,26270618.18256,126917743.4,-1550993.600000009,0.4038,40.720118782479595,2.872366268806581,315.564,49.0,Fear
2024-10-10,0.4036,0.4153,0.3882,0.4096,120956786.7,48466323.76388,119386.0,58209990.7,23344219.49175,120956786.7,-4536805.299999997,0.4095,38.83569513596323,2.872366268806581,315.564,39.0,Fear
2024-10-11,0.4097,0.4547,0.4047,0.4458,155560972.5,67240648.23042,152727.0,77908057.9,33634252.12031,155560972.5,255143.30000001192,0.4458,47.25463280713795,2.872366268806581,315.564,32.0,Fear
2024-10-12,0.4458,0.4893,0.4389,0.4788,163747940.2,76366924.0244,209983.0,79325709.8,37038336.34552,163747940.2,-5096520.599999994,0.4788,55.31432274789372,2.872366268806581,315.564,49.0,Fear
2024-10-13,0.4787,0.4948,0.4465,0.4905,163186837.3,77203525.51781,212439.0,82775131.8,39169739.72498,163186837.3,2363426.299999982,0.4906,51.4607532558958,2.872366268806581,315.564,50.0,Neutral
2024-10-14,0.4907,0.5107,0.477,0.4936,158627206.9,77880882.54047,214765.0,77535489.9,38067977.32521,158627206.9,-3556227.099999994,0.4935,55.88455772113942,2.872366268806581,315.564,48.0,Fear
2024-10-15,0.4938,0.4947,0.4493,0.4609,154866095.5,72807137.78559,191650.0,78043983.6,36680934.24926,154866095.5,1221871.699999988,0.4611,54.416058394160586,2.872366268806581,315.564,65.0,Greed
2024-10-16,0.4609,0.4613,0.4354,0.4447,109217700.4,48853707.73039,134136.0,56818855.8,25419900.40548,109217700.4,4420011.199999988,0.4447,53.88507408745934,2.872366268806581,315.564,73.0,Greed
2024-10-17,0.4447,0.4549,0.4221,0.4305,95147456.5,41663293.34029,121347.0,45498057.3,19950078.50011,95147456.5,-4151341.900000006,0.4305,56.605922551252846,2.872366268806581,315.564,71.0,Greed
2024-10-18,0.4305,0.4544,0.4265,0.4446,95152053.3,41926977.03622,104486.0,49094322.7,21632998.74757,95152053.3,3036592.100000009,0.4446,55.017709563164104,2.872366268806581,315.564,73.0,Greed
2024-10-19,0.4446,0.4534,0.4296,0.4352,72436377.2,32078188.75377,79964.0,34363411.6,15230367.7565,72436377.2,-3709554.0,0.4352,55.061047656557704,2.872366268806581,315.564,72.0,Greed
2024-10-20,0.4351,0.4558,0.4308,0.4532,69725117.6,30872225.98433,82576.0,34466321.6,15260154.39567,69725117.6,-792474.3999999911,0.4532,52.92904290429043,2.872366268806581,315.564,73.0,Greed
2024-10-21,0.4532,0.4607,0.4266,0.428,109785548.5,48271147.94609,100222.0,56786172.1,24962475.53457,109785548.5,3786795.700000003,0.428,50.372987828818225,2.872366268806581,315.564,72.0,Greed
2024-10-22,0.428,0.439,0.4206,0.4311,81221299.6,34916380.30443,84809.0,37348064.0,16060708.96095,81221299.6,-6525171.599999994,0.4311,49.70155192996418,2.872366268806581,315.564,70.0,Greed
2024-10-23,0.4312,0.4395,0.4122,0.436,79597895.3,33814105.24584,89798.0,37203991.1,15810431.8426,79597895.3,-5189913.099999994,0.436,57.080035180299035,2.872366268806581,315.564,71.0,Greed
2024-10-24,0.436,0.4412,0.416,0.4217,85395250.9,36338090.06211,89031.0,42635449.2,18132950.28195,85395250.9,-124352.5,0.4217,52.58474576271186,2.872366268806581,315.564,69.0,Greed
2024-10-25,0.4218,0.4228,0.3526,0.3722,166587429.5,65165409.24921,144172.0,85488177.6,33426995.75193,166587429.5,4388925.699999988,0.3723,35.24688879967886,2.872366268806581,315.564,72.0,Greed
2024-10-26,0.3722,0.3823,0.3646,0.3779,89120087.3,33127271.60607,77350.0,49562822.1,18421786.31744,89120087.3,10005556.900000006,0.3779,27.24402345511953,2.872366268806581,315.564,72.0,Greed
2024-10-27,0.3779,0.3834,0.3703,0.3748,39668365.1,14953498.02533,51789.0,18984054.9,7161579.10339,39668365.1,-1700255.3000000045,0.3748,22.81690140845072,2.872366268806581,315.564,74.0,Greed
2024-10-28,0.3748,0.3759,0.3526,0.3722,83548969.3,30423752.894,86412.0,41363851.5,15073103.07605,83548969.3,-821266.299999997,0.3722,21.485660554771982,2.872366268806581,315.564,72.0,Greed
2024-10-29,0.3722,0.4032,0.371,0.3965,112256907.2,43878464.99951,125106.0,55980514.8,21879346.80125,112256907.2,-295877.60000000894,0.3964,34.180929095354514,2.872366268806581,315.564,72.0,Greed
2024-10-30,0.3965,0.4207,0.3924,0.4071,143845907.8,58966399.3465,152318.0,72801727.0,29839963.7887,143845907.8,1757546.199999988,0.4071,40.54325955734408,2.872366268806581,315.564,77.0,Extreme Greed
2024-10-31,0.4071,0.4088,0.3828,0.3853,72459871.2,28422055.50928,74704.0,33806105.0,13270227.41555,72459871.2,-4847661.200000003,0.3853,39.05038759689923,2.872366268806581,315.564,77.0,Extreme Greed
2024-11-01,0.3852,0.4044,0.3726,0.3787,90517742.8,35151681.64841,100059.0,45774030.9,17795219.58215,90517742.8,1030319.0,0.3787,33.433886375062855,2.872366268806581,316.449,75.0,Extreme Greed
2024-11-02,0.3786,0.3848,0.3621,0.3663,39151756.9,14535376.92999,49292.0,19274247.4,7162413.17893,39151756.9,-603262.1000000015,0.3663,32.93709757305598,2.872366268806581,316.449,72.0,Greed
2024-11-03,0.3664,0.3678,0.3304,0.3483,103996801.8,36026518.92146,112327.0,53952536.8,18671214.60471,103996801.8,3908271.799999997,0.3484,24.033696729435093,2.872366268806581,316.449,74.0,Greed
2024-11-04,0.3483,0.3532,0.3321,0.3374,67670581.9,23203516.39134,72726.0,33301983.2,11431440.82673,67670581.9,-1066615.5000000037,0.3374,25.852878464818772,2.872366268806581,316.449,70.0,Greed
2024-11-05,0.3373,0.3653,0.3359,0.3514,66800163.5,23547414.92582,82951.0,33551049.5,11811295.81173,66800163.5,301935.5,0.3514,29.92443324937028,2.872366268806581,316.449,70.0,Greed
2024-11-06,0.3515,0.4149,0.3508,0.41,184928441.0,71148042.93942,187942.0,92488890.4,35574969.82816,184928441.0,49339.80000001192,0.41,44.845360824742265,2.872366268806581,316.449,70.0,Greed
2024-11-07,0.4101,0.4283,0.3994,0.4157,116331161.7,48192453.81763,128981.0,57729879.0,23937238.02088,116331161.7,-871403.700000003,0.4156,48.747433264887064,2.872366268806581,316.449,77.0,Extreme Greed
2024-11-08,0.4158,0.4231,0.3963,0.4189,92637261.2,38109594.47144,112787.0,45867062.1,18896159.83434,92637261.2,-903137.0,0.4189,61.80344478216817,2.872366268806581,316.449,75.0,Extreme Greed
2024-11-09,0.4189,0.4576,0.4092,0.4504,128384116.0,55125166.30028,167639.0,65727849.2,28252323.18932,128384116.0,3071582.400000006,0.4504,66.23376623376623,2.872366268806581,316.449,75.0,Extreme Greed
2024-11-10,0.4504,0.4894,0.4374,0.4674,220437813.2,103027674.12115,288773.0,110783431.5,51858171.25904,220437813.2,1129049.800000012,0.4674,69.51939291736929,2.872366268806581,316.449,78.0,Extreme Greed
2024-11-11,0.4674,0.52,0.46,0.5146,256688724.3,125082920.4566,359833.0,130599772.4,63677423.23292,256688724.3,4510820.5,0.5147,75.27492018446257,2.872366268806581,316.449,76.0,Extreme Greed
2024-11-12,0.5146,0.515,0.4426,0.4831,261461341.6,125163620.27574,333771.0,128240767.5,61366963.64581,261461341.6,-4979806.599999994,0.4833,65.02940159114493,2.872366268806581,316.449,80.0,Extreme Greed
2024-11-13,0.4833,0.4893,0.4299,0.4512,268826990.9,122340730.64952,324583.0,132481459.7,60318875.38363,268826990.9,-3864071.499999985,0.4512,57.10144927536231,2.872366268806581,316.449,84.0,Extreme Greed
2024-11-14,0.4512,0.4889,0.4305,0.4368,181099858.3,83395328.46522,249668.0,88270963.0,40673202.79724,181099858.3,-4557932.300000012,0.4367,58.47625329815303,2.872366268806581,316.449,88.0,Extreme Greed
2024-11-15,0.4368,0.4687,0.4199,0.4601,122166986.4,54399977.06255,158799.0,59543500.1,26528977.01206,122166986.4,-3079986.200000003,0.46,62.707095967489835,2.872366268806581,316.449,80.0,Extreme Greed
2024-11-16,0.4601,0.552,0.4567,0.5427,297577905.5,154503119.46006,461291.0,150819774.4,78209998.3117,297577905.5,4061643.300000012,0.5427,72.60379292670424,2.872366268806581,316.449,86.0,Extreme Greed
2024-11-17,0.5427,0.5533,0.4878,0.5,172042007.7,88973284.64275,279218.0,78665576.9,40680059.60421,172042007.7,-14710853.899999976,0.5,68.26506024096386,2.872366268806581,316.449,90.0,Extreme Greed
2024-11-18,0.5001,0.5456,0.4959,0.5162,179567095.1,93031814.98966,254658.0,91997018.2,47721069.70248,179567095.1,4426941.300000012,0.5162,71.27558305568778,2.872366268806581,316.449,83.0,Extreme Greed
2024-11-19,0.5163,0.5163,0.4811,0.4905,107922775.9,53802915.52417,148141.0,52441395.1,26161950.18799,107922775.9,-3039985.700000003,0.4905,66.10326464459365,2.872366268806581,316.449,90.0,Extreme Greed
2024-11-20,0.4905,0.494,0.4507,0.4607,126963182.9,60171272.77913,162266.0,60436496.4,28657392.05531,126963182.9,-6090190.100000009,0.4606,56.274801587301596,2.872366268806581,316.449,83.0,Extreme Greed
2024-11-21,0.4608,0.5018,0.4426,0.4842,150335625.9,71540956.82398,205864.0,74255079.8,35343317.82056,150335625.9,-1825466.300000012,0.4842,58.14339981006648,2.872366268806581,316.449,82.0,Extreme Greed
2024-11-22,0.4842,0.5181,0.4654,0.5169,133762101.6,64694918.65738,189328.0,65488835.1,31697284.2571,133762101.6,-2784431.3999999985,0.517,60.88307077878855,2.872366268806581,316.449,94.0,Extreme Greed
2024-11-23,0.517,0.5467,0.5008,0.5354,210983005.9,110534917.61179,333419.0,104521022.8,54790768.49265,210983005.9,-1940960.300000012,0.5354,59.71206581352833,2.872366268806581,316.449,93.0,Extreme Greed
2024-11-24,0.5355,0.6815,0.502,0.6623,526576597.5,310611144.91132,931880.0,263064744.5,155354176.68259,526576597.5,-447108.5,0.6615,67.75196634351565,2.872366268806581,316.449,80.0,Extreme Greed
2024-11-25,0.6623,0.6951,0.5876,0.6543,431441580.0,273928510.97162,793556.0,220305304.5,140127937.19764,431441580.0,9169029.0,0.6544,63.79072063178676,2.872366268806581,316.449,82.0,Extreme Greed
2024-11-26,0.6541,0.7042,0.6007,0.6937,384789037.9,251464923.47236,731317.0,187837092.4,122845024.01394,384789037.9,-9114853.099999964,0.6938,70.45675413022352,2.872366268806581,316.449,79.0,Extreme Greed
2024-11-27,0.6938,0.7137,0.6502,0.674,190559663.1,128574432.57622,396609.0,95434517.6,64422758.79495,190559663.1,309372.09999999404,0.6739,72.16802707545293,2.872366268806581,316.449,75.0,Extreme Greed
2024-11-28,0.6739,0.6743,0.6366,0.6597,106813763.0,69937538.27766,209370.0,53716867.7,35188031.93115,106813763.0,619972.400000006,0.6597,72.21115537848605,2.872366268806581,316.449,77.0,Extreme Greed
2024-11-29,0.6596,0.6792,0.6557,0.6744,104654960.0,69838165.64022,227888.0,52606647.2,35120959.78502,104654960.0,558334.400000006,0.6744,71.7267936765302,2.872366268806581,316.449,78.0,Extreme Greed
2024-11-30,0.6745,0.6867,0.6568,0.6652,117380706.4,78898695.29853,212581.0,54746161.0,36805003.65656,117380706.4,-7888384.400000006,0.6653,64.60219151977132,2.872366268806581,316.449,84.0,Extreme Greed
2024-12-01,0.6652,0.6805,0.6337,0.6534,99982684.8,65123409.83546,191929.0,50455761.9,32860508.82649,99982684.8,928839.0,0.6535,69.73515042427358,2.872366268806581,317.603,81.0,Extreme Greed
2024-12-02,0.6534,0.6564,0.5914,0.6432,167516362.2,103861846.19262,299233.0,84960180.6,52678740.24535,167516362.2,2403999.0,0.6432,66.57963446475196,2.872366268806581,317.603,80.0,Extreme Greed
2024-12-03,0.6432,0.6984,0.6184,0.6938,282975259.7,187819846.2928,493124.0,137611499.0,91383740.38156,282975259.7,-7752261.699999988,0.6936,74.90802060338484,2.872366268806581,317.603,76.0,Extreme Greed
2024-12-04,0.6939,0.7349,0.67,0.6899,236381793.0,165256089.14773,443608.0,119824858.7,83838856.21901,236381793.0,3267924.400000006,0.6898,80.0314465408805,2.872366268806581,317.603,78.0,Extreme Greed
2024-12-05,0.6898,0.7357,0.6404,0.7007,239899317.0,166969936.11569,536509.0,118632306.3,82662741.72142,239899317.0,-2634704.400000006,0.7007,79.34399566278123,2.872366268806581,317.603,84.0,Extreme Greed
2024-12-06,0.7008,0.7166,0.6611,0.7061,129391965.2,89935721.70593,283402.0,63121633.4,43906449.42775,129391965.2,-3148698.400000006,0.706,77.68014059753953,2.872366268806581,317.603,72.0,Greed
2024-12-07,0.7063,0.711,0.6788,0.6948,76070642.3,52748668.40812,181068.0,36474930.3,25296970.92426,76070642.3,-3120781.700000003,0.6947,73.82590487586,2.872366268806581,317.603,75.0,Extreme Greed
2024-12-08,0.6949,0.7053,0.6638,0.6911,64733313.3,44289074.04714,161386.0,30368367.7,20782649.84524,64733313.3,-3996577.899999995,0.691,56.96083058046247,2.872366268806581,317.603,79.0,Extreme Greed
2024-12-09,0.6912,0.6912,0.5,0.5658,225498005.8,134098011.1536,448649.0,106775525.3,63248146.64701,225498005.8,-11946955.200000018,0.5664,36.64238008500303,2.872366268806581,317.603,78.0,Extreme Greed
2024-12-10,0.5659,0.5762,0.5057,0.5502,219634036.1,119802216.14574,408797.0,106315032.4,58016541.0279,219634036.1,-7003971.299999982,0.5503,26.559947729500166,2.872366268806581,317.603,78.0,Extreme Greed
2024-12-11,0.5502,0.6062,0.5296,0.5997,116729047.3,66823173.2387,180734.0,58737267.1,33675304.97319,116729047.3,745486.900000006,0.5997,38.94517282479141,2.872366268806581,317.603,74.0,Greed
2024-12-12,0.5998,0.6465,0.5956,0.6096,149367155.1,93493221.21958,260941.0,74528219.6,46654713.03175,149367155.1,-310715.90000000596,0.6095,42.42149758454107,2.872366268806581,317.603,83.0,Extreme Greed
2024-12-13,0.6096,0.615,0.5821,0.6016,99670269.7,59709166.47989,167935.0,50215654.4,30089164.04221,99670269.7,761039.099999994,0.6015,38.767334360554706,2.872366268806581,317.603,76.0,Extreme Greed
2024-12-14,0.6016,0.6124,0.5603,0.5758,70384574.2,41188488.71412,119329.0,34696771.7,20335401.24477,70384574.2,-991030.799999997,0.5758,36.880680152447965,2.872366268806581,317.603,83.0,Extreme Greed
2024-12-15,0.5759,0.5999,0.556,0.5954,70521641.6,40939315.03074,130260.0,34137500.4,19846798.44184,70521641.6,-2246640.799999997,0.5953,41.657110091743135,2.872366268806581,317.603,80.0,Extreme Greed
2024-12-16,0.5954,0.6122,0.5587,0.5642,98816147.1,57190803.0453,165331.0,49314826.1,28527379.30136,98816147.1,-186494.89999999106,0.5641,39.30213686773061,2.872366268806581,317.603,83.0,Extreme Greed
2024-12-17,0.5642,0.5715,0.5264,0.5278,97004323.7,53574746.20433,160172.0,46917010.5,25900340.25886,97004323.7,-3170302.700000003,0.5277,26.67978633680069,2.872366268806581,317.603,87.0,Extreme Greed
2024-12-18,0.5278,0.5318,0.4658,0.4737,171684281.0,86560356.50492,249003.0,84640693.1,42717144.24662,171684281.0,-2402894.800000012,0.4739,23.391668720729612,2.872366268806581,317.603,81.0,Extreme Greed
2024-12-19,0.4738,0.4855,0.4167,0.4328,222242768.8,100710168.14238,307109.0,113450986.8,51522105.34284,222242768.8,4659204.799999982,0.4328,19.270474879559544,2.872366268806581,317.603,75.0,Extreme Greed
2024-12-20,0.4328,0.4463,0.3717,0.4413,247932509.3,101902335.16647,288724.0,127206648.0,52412126.495,247932509.3,6480786.699999988,0.4413,19.858802095194733,2.872366268806581,317.603,74.0,Greed
2024-12-21,0.4413,0.4803,0.4127,0.4213,146549394.0,64495360.35496,189744.0,72607432.0,32022162.34752,146549394.0,-1334530.0,0.4212,19.468631390935485,2.872366268806581,317.603,73.0,Greed
2024-12-22,0.4215,0.4379,0.4097,0.4191,100212488.8,42497484.04837,128099.0,48250591.6,20504002.64833,100212488.8,-3711305.599999994,0.4191,19.53842706699531,2.872366268806581,317.603,73.0,Greed
2024-12-23,0.4192,0.4654,0.4085,0.457,141358947.1,61063448.66124,160124.0,67378708.6,29141495.19437,141358947.1,-6601529.900000006,0.4571,34.806783430636656,2.872366268806581,317.603,70.0,Greed
2024-12-24,0.4571,0.4786,0.4408,0.47,98425924.3,45165948.74525,115554.0,49528200.2,22730872.5614,98425924.3,630476.1000000089,0.4699,38.72053872053872,2.872366268806581,317.603,73.0,Greed
2024-12-25,0.4699,0.4718,0.4479,0.4552,67394239.1,31041281.27152,75163.0,33853730.5,15598238.52055,67394239.1,313221.90000000596,0.4552,27.541187441715905,2.872366268806581,317.603,73.0,Greed
2024-12-26,0.4552,0.4611,0.412,0.4198,76758515.8,33100768.69799,89529.0,34775710.2,14985581.94282,76758515.8,-7207095.399999991,0.4198,22.68931759285921,2.872366268806581,317.603,79.0,Extreme Greed
2024-12-27,0.4199,0.4402,0.4116,0.416,86204449.0,36545598.02304,94134.0,43275269.1,18349595.8607,86204449.0,346089.200000003,0.4159,22.96037296037298,2.872366268806581,317.603,74.0,Greed
2024-12-28,0.416,0.4318,0.4066,0.4262,48972626.0,20407320.57062,62791.0,26338051.8,10981743.21669,48972626.0,3703477.6000000015,0.4262,27.181208053691307,2.872366268806581,317.603,72.0,Greed
2024-12-29,0.4263,0.4312,0.4055,0.4105,37413046.2,15727708.72388,53191.0,18363784.1,7726701.05841,37413046.2,-685478.0,0.4105,21.48148148148148,2.872366268806581,317.603,73.0,Greed
2024-12-30,0.4106,0.4275,0.3939,0.4036,88844359.5,36382272.91699,97639.0,43033759.6,17626946.93339,88844359.5,-2776840.299999997,0.4036,23.22322322322323,2.872366268806581,317.603,65.0,Greed
2024-12-31,0.4037,0.4144,0.3899,0.3967,60173381.3,24255544.30082,65372.0,29168277.6,11757831.12501,60173381.3,-1836826.099999994,0.3967,25.75869726128795,2.872366268806581,317.603,64.0,Greed
2025-01-01,0.3967,0.4244,0.3903,0.4208,49244309.2,19983962.87147,57518.0,25559877.6,10380038.98517,49244309.2,1875446.0,0.4208,38.96049896049897,2.999412512831112,319.086,66.0,Greed
2025-01-02,0.4208,0.4409,0.4208,0.4305,56086831.8,24129265.18495,73109.0,28703776.7,12351163.6559,56086831.8,1320721.6000000015,0.4304,49.42583732057415,2.999412512831112,319.086,70.0,Greed
2025-01-03,0.4306,0.4609,0.4193,0.4577,69887461.8,30933513.76492,87563.0,35816559.1,15869267.45293,69887461.8,1745656.400000006,0.4577,53.59964881474977,2.999412512831112,319.086,74.0,Greed
2025-01-04,0.4577,0.4804,0.4491,0.4709,74832716.5,34799483.97715,102029.0,38703814.0,17994984.15723,74832716.5,2574911.5,0.471,61.26696832579184,2.999412512831112,319.086,73.0,Greed
2025-01-05,0.4709,0.4712,0.4493,0.4585,56022371.3,25645783.66947,67556.0,26182875.3,11982447.2139,56022371.3,-3656620.6999999955,0.4585,58.51339671564392,2.999412512831112,319.086,72.0,Greed
2025-01-06,0.4586,0.4792,0.447,0.4645,93145180.8,43042679.27482,102653.0,44647301.2,20652669.64818,93145180.8,-3850578.399999991,0.4645,51.855566700100304,2.999412512831112,319.086,76.0,Extreme Greed
2025-01-07,0.4644,0.4668,0.4135,0.4138,123221918.9,54286422.60669,134396.0,56245675.0,24824416.96885,123221918.9,-10730568.900000006,0.4138,38.1795195954488,2.999412512831112,319.086,78.0,Extreme Greed
2025-01-08,0.4138,0.4189,0.3726,0.3951,144632010.0,57142308.18739,133603.0,66073043.9,26127278.52841,144632010.0,-12485922.199999996,0.3951,37.54662246166598,2.999412512831112,319.086,70.0,Greed
2025-01-09,0.395,0.4003,0.3665,0.3744,100570386.4,38301027.02121,148310.0,48262899.0,18389293.14445,100570386.4,-4044588.400000006,0.3743,39.9647110719012,2.999412512831112,319.086,69.0,Greed
2025-01-10,0.3744,0.3942,0.3728,0.389,99415036.9,38240862.6017,90663.0,49958676.3,19220565.36812,99415036.9,502315.6999999881,0.389,44.336842105263166,2.999412512831112,319.086,50.0,Neutral
2025-01-11,0.3889,0.3959,0.3806,0.389,42861274.5,16558076.09789,43719.0,20333864.4,7860797.43713,42861274.5,-2193545.700000003,0.389,41.81338028169014,2.999412512831112,319.086,69.0,Greed
2025-01-12,0.389,0.3935,0.3759,0.3826,40034839.3,15489827.28195,48700.0,19528050.2,7555324.84859,40034839.3,-978738.8999999985,0.3826,43.59798072510326,2.999412512831112,319.086,62.0,Greed
2025-01-13,0.3827,0.3923,0.3382,0.3642,172400270.5,61226193.2085,333643.0,88655408.7,31441459.09757,172400270.5,4910546.900000006,0.3642,41.41238012205754,2.999412512831112,319.086,61.0,Greed
2025-01-14,0.3643,0.3824,0.362,0.3774,67250619.8,25126875.9678,169330.0,34357325.6,12841843.58688,67250619.8,1464031.400000006,0.3773,45.882852292020374,2.999412512831112,319.086,63.0,Greed
2025-01-15,0.3774,0.4073,0.3671,0.4058,106259812.4,41149166.07876,220001.0,53326623.8,20669032.9172,106259812.4,393435.1999999881,0.4058,46.875,2.999412512831112,319.086,70.0,Greed
2025-01-16,0.4059,0.4179,0.391,0.4043,108223544.6,43954048.63211,262799.0,53524661.7,21751403.53902,108223544.6,-1174221.199999988,0.4042,44.353448275862064,2.999412512831112,319.086,75.0,Extreme Greed
2025-01-17,0.4044,0.4282,0.4032,0.4238,93558308.8,38970449.02965,214212.0,45822737.8,19096895.78127,93558308.8,-1912833.200000003,0.4237,42.41748438893845,2.999412512831112,319.086,75.0,Extreme Greed
2025-01-18,0.4238,0.4339,0.3842,0.3935,104614585.9,41883389.78492,267329.0,51267258.8,20515850.74338,104614585.9,-2080068.300000012,0.3935,33.92783077561178,2.999412512831112,319.086,77.0,Extreme Greed
2025-01-19,0.3935,0.4034,0.3407,0.3476,193663842.8,71189861.4434,441629.0,93008499.2,34172782.71314,193663842.8,-7646844.400000006,0.3476,29.799635701275037,2.999412512831112,319.086,77.0,Extreme Greed
2025-01-20,0.3476,0.389,0.3323,0.3507,310948037.3,110289879.45355,542765.0,155343635.6,55108690.38767,310948037.3,-260766.10000002384,0.3506,29.023941068139962,2.999412512831112,319.086,76.0,Extreme Greed
2025-01-21,0.3507,0.3721,0.3343,0.3606,110255128.3,38670108.53883,259058.0,57157035.8,20067498.57227,110255128.3,4058943.299999997,0.3606,38.47487001733101,2.999412512831112,319.086,76.0,Extreme Greed
2025-01-22,0.3605,0.362,0.346,0.3471,75054290.5,26613566.39124,163568.0,36795126.8,13059610.99682,75054290.5,-1464036.900000006,0.3471,39.36170212765957,2.999412512831112,319.086,84.0,Extreme Greed
2025-01-23,0.347,0.3532,0.3316,0.3419,105383371.4,35874755.87158,225155.0,51572923.3,17565509.65404,105383371.4,-2237524.800000012,0.3419,42.28571428571428,2.999412512831112,319.086,75.0,Extreme Greed
2025-01-24,0.342,0.36,0.3286,0.3405,122071778.4,42399426.08218,214186.0,64399915.3,22390910.8651,122071778.4,6728052.199999988,0.3405,37.67158108795119,2.999412512831112,319.086,75.0,Extreme Greed
2025-01-25,0.3405,0.351,0.334,0.3456,43014458.2,14801054.55457,109175.0,21063708.5,7253427.96699,43014458.2,-887041.200000003,0.3455,39.21665840356964,2.999412512831112,319.086,75.0,Extreme Greed
2025-01-26,0.3456,0.3607,0.3372,0.3373,46316045.6,16230135.94084,109722.0,22997535.6,8068593.03661,46316045.6,-320974.3999999985,0.3373,38.869778869778855,2.999412512831112,319.086,73.0,Greed
2025-01-27,0.3373,0.338,0.2977,0.318,164008139.6,51241354.53737,310292.0,80078504.3,25015823.71382,164008139.6,-3851131.0,0.318,38.69863013698629,2.999412512831112,319.086,71.0,Greed
2025-01-28,0.318,0.3214,0.2915,0.2948,63894180.2,19762683.46643,141204.0,30631954.0,9490203.89823,63894180.2,-2630272.200000003,0.2948,30.769230769230745,2.999412512831112,319.086,72.0,Greed
2025-01-29,0.2947,0.3173,0.2917,0.3056,112559269.4,34147555.28533,204810.0,55276176.5,16784077.48175,112559269.4,-2006916.400000006,0.3056,24.54268292682923,2.999412512831112,319.086,72.0,Greed
2025-01-30,0.3057,0.3364,0.3028,0.3294,77047150.6,24949315.18381,143217.0,39550725.6,12801698.28471,77047150.6,2054300.600000009,0.3294,32.92237442922374,2.999412512831112,319.086,70.0,Greed
2025-01-31,0.3295,0.3473,0.3239,0.3328,103556982.2,34733742.01369,188824.0,51437590.2,17269336.66634,103556982.2,-681801.799999997,0.3328,27.599802858550973,2.999412512831112,319.086,76.0,Extreme Greed
2025-02-01,0.3328,0.3354,0.297,0.2992,54641478.7,17309344.94876,122651.0,26113569.9,8283723.01517,54641478.7,-2414338.900000006,0.2992,27.14493456131845,2.999412512831112,319.086,68.0,Greed
2025-02-02,0.2991,0.3054,0.2433,0.2547,183781112.0,50374229.4564,345149.0,88605305.8,24310899.72202,183781112.0,-6570500.400000006,0.2548,27.34374999999997,2.999412512831112,319.086,60.0,Greed
2025-02-03,0.2547,0.2587,0.188,0.2565,478887549.5,109211302.692,715750.0,236939387.1,54106554.43114,478887549.5,-5008775.300000012,0.2565,26.879606879606854,2.999412512831112,319.086,44.0,Fear
2025-02-04,0.2564,0.2593,0.2301,0.2419,186017151.5,44922415.0936,317074.0,91737170.4,22158266.84661,186017151.5,-2542810.699999988,0.2419,21.480057664584308,2.999412512831112,319.086,72.0,Greed
2025-02-05,0.242,0.2473,0.2295,0.2318,100414943.9,24040416.77658,174054.0,49737492.0,11917309.81699,100414943.9,-939959.900000006,0.2318,21.836834391792834,2.999412512831112,319.086,54.0,Greed
2025-02-06,0.2317,0.2427,0.2159,0.2185,104277055.0,23769612.67759,178282.0,51082296.3,11653745.98634,104277055.0,-2112462.400000006,0.2185,21.005639097744336,2.999412512831112,319.086,49.0,Fear
2025-02-07,0.2185,0.2372,0.2104,0.217,126796131.6,28510769.86495,208583.0,61884881.3,13911873.74426,126796131.6,-3026369.0,0.217,20.99577266322214,2.999412512831112,319.086,44.0,Fear
2025-02-08,0.217,0.2296,0.2143,0.2279,54716914.6,12075435.00648,96640.0,27458529.3,6067388.14699,54716914.6,200144.0,0.2279,23.126142595978052,2.999412512831112,319.086,44.0,Fear
2025-02-09,0.2279,0.2329,0.2139,0.2249,77410590.8,17484996.05233,123836.0,37065390.8,8385563.445,77410590.8,-3279809.200000003,0.2249,23.689138576779015,2.999412512831112,319.086,46.0,Fear
2025-02-10,0.2249,0.2378,0.2162,0.2333,96489341.7,22137076.29133,155376.0,48809313.8,11199455.47882,96489341.7,1129285.899999991,0.2333,29.107054760730136,2.999412512831112,319.086,43.0,Fear
2025-02-11,0.2333,0.2461,0.2246,0.2275,97413901.5,22971099.82729,145183.0,49272964.4,11627800.17473,97413901.5,1132027.299999997,0.2275,31.840259039395562,2.999412512831112,319.086,47.0,Fear
2025-02-12,0.2275,0.2454,0.2161,0.2408,121692079.0,27662378.76015,192821.0,60127805.6,13679283.7736,121692079.0,-1436467.799999997,0.2408,32.74760383386581,2.999412512831112,319.086,46.0,Fear
2025-02-13,0.2409,0.2453,0.2278,0.2338,84040900.7,19651861.00786,132114.0,41900354.6,9792176.6978,84040900.7,-240191.5,0.2338,22.046783625730967,2.999412512831112,319.086,50.0,Neutral
2025-02-14,0.2338,0.2501,0.2328,0.2427,85038773.1,20649058.44048,125170.0,41251792.0,10011727.91313,85038773.1,-2535189.099999994,0.2427,24.47592067988667,2.999412512831112,319.086,48.0,Fear
2025-02-15,0.2427,0.2455,0.2358,0.2374,45361399.8,10879445.22177,76789.0,23973351.7,5749910.42844,45361399.8,2585303.6000000015,0.2374,29.149797570850183,2.999412512831112,319.086,50.0,Neutral
2025-02-16,0.2373,0.2416,0.2314,0.2332,44025481.8,10375669.39212,67811.0,20991221.4,4946360.39518,44025481.8,-2043039.0,0.2332,39.99999999999998,2.999412512831112,319.086,54.0,Greed
2025-02-17,0.2331,0.2408,0.2272,0.2308,93703572.7,21848845.75536,125252.0,43204053.8,10084026.34727,93703572.7,-7295465.100000009,0.2308,38.17847286108555,2.999412512831112,319.086,51.0,Greed
2025-02-18,0.2308,0.2316,0.2143,0.2215,92484074.6,20473696.97874,117650.0,40432272.2,8957936.30862,92484074.6,-11619530.199999988,0.2215,40.13539651837524,2.999412512831112,319.086,47.0,Fear
2025-02-19,0.2214,0.2381,0.2185,0.2317,92817345.7,21052213.16607,95566.0,49021369.2,11119995.2705,92817345.7,5225392.700000003,0.2317,49.95169082125603,2.999412512831112,319.086,44.0,Fear
2025-02-20,0.2317,0.2733,0.2293,0.2657,283414103.3,72210853.19509,285917.0,139532819.9,35450788.76109,283414103.3,-4348463.5,0.2657,69.00161030595814,2.999412512831112,319.086,49.0,Fear
2025-02-21,0.2658,0.2856,0.2494,0.2555,272738789.9,73013663.18151,304319.0,129751510.5,34763331.9745,272738789.9,-13235768.899999976,0.2555,64.48457486832206,2.999412512831112,319.086,55.0,Greed
2025-02-22,0.2555,0.2914,0.2526,0.2792,230557768.6,63685340.52307,260774.0,117286207.1,32377979.77331,230557768.6,4014645.599999994,0.2792,67.60466712422787,2.999412512831112,319.086,49.0,Fear
2025-02-23,0.2793,0.2855,0.2688,0.2806,99572535.4,27436790.01193,128512.0,47593845.4,13125953.20057,99572535.4,-4384844.600000009,0.2806,69.32685634975712,2.999412512831112,319.086,50.0,Neutral
2025-02-24,0.2807,0.2923,0.2567,0.2677,335261764.4,93575922.07685,429696.0,160494769.1,44853767.05562,335261764.4,-14272226.199999988,0.2676,61.533288500336255,2.999412512831112,319.086,49.0,Fear
2025-02-25,0.2678,0.2846,0.2445,0.2765,389298533.7,103315551.37856,574948.0,189529705.5,50415020.99208,389298533.7,-10239122.699999988,0.2765,66.13965744400528,2.999412512831112,319.086,25.0,Fear
2025-02-26,0.2765,0.2887,0.2622,0.2699,246612562.1,67790118.52649,337667.0,117853790.0,32422371.81947,246612562.1,-10904982.099999994,0.2699,60.027567195037896,2.999412512831112,319.086,21.0,Extreme Fear
2025-02-27,0.27,0.2737,0.2549,0.2575,130621667.5,34775830.31006,181595.0,61620282.7,16409987.36217,130621667.5,-7381102.099999994,0.2575,57.87375415282392,2.999412512831112,319.086,10.0,Extreme Fear
2025-02-28,0.2576,0.2581,0.2321,0.2502,200355947.1,48611575.79544,240668.0,97088744.3,23561174.93564,200355947.1,-6178458.5,0.2502,52.518468770987226,2.999412512831112,319.086,16.0,Extreme Fear
2025-03-01,0.2502,0.2603,0.2429,0.2483,117856805.6,29505278.40779,129297.0,57652932.3,14449171.54806,117856805.6,-2550941.0,0.2483,53.745704467353946,2.999412512831112,319.086,20.0,Extreme Fear
2025-03-02,0.2483,0.2744,0.2423,0.27,166001245.1,43017150.67497,211719.0,81009596.4,21024932.17678,166001245.1,-3982052.299999982,0.27,61.288343558282214,2.999412512831112,319.086,26.0,Fear
2025-03-03,0.2701,0.2712,0.2265,0.2283,166791371.1,41024491.32185,218159.0,76396433.9,18824246.8951,166791371.1,-13998503.299999982,0.2283,49.38210578348987,2.999412512831112,319.086,33.0,Fear
2025-03-04,0.2283,0.2292,0.2035,0.2233,219367372.2,47576999.49359,248074.0,107827338.9,23389744.54423,219367372.2,-3712694.399999976,0.2233,50.45454545454545,2.999412512831112,319.086,15.0,Extreme Fear
2025-03-05,0.2233,0.2381,0.2191,0.2351,114334835.5,26102687.54728,118005.0,59416284.7,13581819.58511,114336414.6,4499313.0,0.2351,50.851703406813634,2.999412512831112,319.086,20.0,Extreme Fear
2025-03-06,0.2233,0.2381,0.2191,0.2351,114334835.5,26102687.54728,118005.0,59416284.7,13581819.58511,114336414.6,4499313.0,0.2351,50.851703406813634,2.999412512831112,319.086,20.0,Extreme Fear
