Date,Open,High,Low,close_x,Volume,Quote asset volume,Number of trades,Taker buy base asset volume,Taker buy quote asset volume,volume,net_order_flow,close_y,RSI,Inflation Rate,CPI,value,classification
2024-01-01,11.8794,14.0,11.6576,13.9957,5296946.8,68175132.603,226191.0,2773350.8,35728693.3199,5296946.8,249754.7999999998,14.0,55.238095238095234,2.872366268806581,309.794,65.0,Greed
2024-01-02,13.9907,14.2129,12.494,12.7892,7175984.3,96021133.04775,319249.0,3487277.5,46687528.05886,7175984.3,-201429.2999999998,12.79,55.02846299810246,2.872366268806581,309.794,71.0,Greed
2024-01-03,12.7873,13.2242,9.36,12.1958,9242073.0,112302920.6159,411442.0,4312066.7,52506823.72904,9242073.0,-617939.5999999996,12.2,45.943204868154154,2.872366268806581,309.794,70.0,Greed
2024-01-04,12.1895,16.8135,11.9152,15.6324,17937146.6,264154773.95795,812318.0,9288130.9,136763836.19623,17937146.6,639115.1999999993,15.63,60.48632218844985,2.872366268806581,309.794,68.0,Greed
2024-01-05,15.6202,17.2987,14.5,15.5971,14531517.2,230312548.60159,765299.0,7121445.3,113051506.09589,14531517.2,-288626.5999999996,15.6,62.57861635220125,2.872366268806581,309.794,72.0,Greed
2024-01-06,15.6035,16.4376,14.0,14.3319,7926242.0,118916955.68114,360858.0,3884811.5,58395986.90564,7926242.0,-156619.0,14.33,57.39005046863735,2.872366268806581,309.794,70.0,Greed
2024-01-07,14.331,15.45,13.9532,14.3116,6406675.3,94766424.87188,310349.0,3126052.8,46262594.03511,6406675.3,-154569.7000000002,14.31,50.70656691604323,2.872366268806581,309.794,71.0,Greed
2024-01-08,14.32,14.359,12.4928,14.2152,10635086.9,143106991.46615,495070.0,5203736.9,70091281.25265,10635086.9,-227613.09999999963,14.22,52.09222886421862,2.872366268806581,309.794,71.0,Greed
2024-01-09,14.2153,16.6463,14.0904,14.9326,11773197.5,184221321.31566,633028.0,5747252.8,90015327.11072,11773197.5,-278691.9000000004,14.94,59.824561403508774,2.872366268806581,309.794,76.0,Extreme Greed
2024-01-10,14.9252,16.87,14.1,16.3017,8614013.5,130912755.4975,472432.0,4181264.9,63616532.21276,8614013.5,-251483.69999999972,16.3,64.30817610062894,2.872366268806581,309.794,73.0,Greed
2024-01-11,16.3098,17.4,15.3023,15.9945,8032100.0,131348803.75656,399748.0,3900191.3,63841311.30911,8032100.0,-231717.40000000037,15.98,66.994266994267,2.872366268806581,309.794,76.0,Extreme Greed
2024-01-12,15.9884,17.2639,15.381,16.3862,7451149.3,121106709.11395,354970.0,3659280.7,59527214.0227,7451149.3,-132587.89999999944,16.39,66.61143330571664,2.872366268806581,309.794,71.0,Greed
2024-01-13,16.386,18.5148,15.48,18.4983,9235571.2,159281744.74639,406592.0,4667522.2,80635563.51499,9235571.2,99473.20000000112,18.49,74.12280701754385,2.872366268806581,309.794,64.0,Greed
2024-01-14,18.4903,19.9,17.9066,18.0582,7645631.7,144359213.14755,387911.0,3852848.8,72787267.68954,7645631.7,60065.89999999944,18.05,71.86392629340894,2.872366268806581,309.794,60.0,Greed
2024-01-15,18.0583,20.3963,18.0551,19.0027,8073848.5,156563157.1998,416286.0,4119570.1,79899679.2683,8073848.5,165291.7000000002,19.0,69.31993817619784,2.872366268806581,309.794,52.0,Greed
2024-01-16,19.0074,19.7,18.6776,18.8075,4426475.3,84725426.04826,209041.0,2134274.6,40899013.41182,4426475.3,-157926.09999999963,18.81,75.25167785234899,2.872366268806581,309.794,64.0,Greed
2024-01-17,18.8054,19.2246,17.8261,18.1379,3448731.4,63358791.63832,182761.0,1639707.4,30137266.17889,3448731.4,-169316.6000000001,18.14,74.75000000000001,2.872366268806581,309.794,60.0,Greed
2024-01-18,18.135,18.55,16.72,16.9238,4140331.3,72933578.19269,210119.0,1973813.3,34802023.91062,4140331.3,-192704.69999999995,16.92,56.588355464759964,2.872366268806581,309.794,63.0,Greed
2024-01-19,16.9241,18.5234,16.3576,17.8672,7149751.9,125589401.45052,347232.0,3593116.6,63189758.07022,7149751.9,36481.299999999814,17.87,60.597572362278264,2.872366268806581,309.794,51.0,Greed
2024-01-20,17.8687,17.8733,17.0165,17.6715,2181982.9,37976724.3913,104981.0,1096340.0,19092280.84006,2181982.9,10697.100000000093,17.67,67.32365145228218,2.872366268806581,309.794,52.0,Greed
2024-01-21,17.6758,17.75,16.8,16.8627,1515866.4,26209713.52117,79140.0,704247.7,12184359.85658,1515866.4,-107371.0,16.86,62.22435282837967,2.872366268806581,309.794,56.0,Greed
2024-01-22,16.8593,17.1832,15.15,15.245,4950060.4,79608182.50882,219193.0,2315551.7,37295821.78469,4950060.4,-318957.0,15.24,54.264214046822744,2.872366268806581,309.794,55.0,Greed
2024-01-23,15.248,16.5143,13.87,16.4616,6252035.4,93768979.9938,309746.0,3079931.0,46335443.14748,6252035.4,-92173.40000000037,16.45,56.06425702811245,2.872366268806581,309.794,50.0,Neutral
2024-01-24,16.4647,17.0,15.6956,16.3615,4814135.8,78734326.48199,237092.0,2325399.2,38079692.8883,4814135.8,-163337.39999999944,16.36,50.26833631484794,2.872366268806581,309.794,48.0,Fear
2024-01-25,16.369,16.387,14.8239,15.1528,2961564.9,46036465.19467,144318.0,1433051.9,22301900.47577,2961564.9,-95461.1000000001,15.15,46.561723280861635,2.872366268806581,309.794,52.0,Greed
2024-01-26,15.1544,16.9,15.0385,16.5206,3488502.3,56720564.94408,370592.0,1809819.8,29408462.02716,3488502.3,131137.30000000028,16.52,50.498848810437444,2.872366268806581,309.794,49.0,Fear
2024-01-27,16.5203,17.4879,16.4628,17.0558,2668889.8,45172039.82291,279941.0,1349739.3,22859125.41984,2668889.8,30588.80000000028,17.05,43.717277486911,2.872366268806581,309.794,55.0,Greed
2024-01-28,17.0564,17.6316,16.6881,17.0247,2539022.1,43588059.36184,291271.0,1261262.7,21674290.6595,2539022.1,-16496.700000000186,17.03,45.380434782608695,2.872366268806581,309.794,54.0,Greed
2024-01-29,17.0252,18.1496,16.8901,17.9402,3453766.5,60931504.89912,344798.0,1747268.1,30850204.11569,3453766.5,40769.700000000186,17.94,45.18181818181819,2.872366268806581,309.794,55.0,Greed
2024-01-30,17.9416,18.5381,17.484,17.8616,2852027.5,51625092.14893,309912.0,1446180.6,26190769.2799,2852027.5,40333.700000000186,17.86,45.63820018365473,2.872366268806581,309.794,61.0,Greed
2024-01-31,17.8602,17.9668,15.9,16.2117,4622794.5,78247966.10712,425614.0,2311796.1,39170472.12272,4622794.5,797.7000000001863,16.21,41.87026116259477,2.872366268806581,309.794,60.0,Greed
2024-02-01,16.2092,17.2859,15.6,16.9227,4148432.3,68336490.71678,347801.0,2119307.5,34917095.90207,4148432.3,90182.70000000019,16.92,50.0,2.872366268806581,311.022,63.0,Greed
2024-02-02,16.9221,18.0301,16.8263,17.6581,2665863.5,46380743.55601,215121.0,1349971.1,23492887.41845,2665863.5,34078.700000000186,17.66,49.05829596412556,2.872366268806581,311.022,63.0,Greed
2024-02-03,17.6626,18.5,17.5023,17.7362,2395132.7,43434055.98361,193820.0,1205020.6,21854214.79775,2395132.7,14908.5,17.74,50.31731640979146,2.872366268806581,311.022,60.0,Greed
2024-02-04,17.7342,18.0,16.8,17.3668,2832798.6,49154114.43206,187510.0,1401938.4,24323445.63192,2832798.6,-28921.80000000028,17.37,52.40793201133145,2.872366268806581,311.022,60.0,Greed
2024-02-05,17.3618,18.3371,17.218,17.7264,2747361.6,48927317.93181,216003.0,1337782.7,23826718.12183,2747361.6,-71796.20000000019,17.73,63.34405144694535,2.872366268806581,311.022,60.0,Greed
2024-02-06,17.7239,18.0,17.0471,17.4448,2384404.5,41622237.52993,178170.0,1222788.5,21346727.11949,2384404.5,61172.5,17.44,55.88585017835911,2.872366268806581,311.022,64.0,Greed
2024-02-07,17.4438,18.84,17.1401,18.8232,3263989.7,58641959.3153,243842.0,1649114.5,29629090.58987,3263989.7,34239.299999999814,18.82,62.68041237113403,2.872366268806581,311.022,62.0,Greed
2024-02-08,18.8209,20.6,18.7776,20.1489,5272304.7,104388174.9548,382092.0,2702839.3,53510597.27607,5272304.7,133373.89999999944,20.15,75.4582484725051,2.872366268806581,311.022,66.0,Greed
2024-02-09,20.149,20.9,19.4038,19.7443,3119385.8,62203769.14046,268843.0,1605232.2,32030431.43251,3119385.8,91078.6000000001,19.74,68.17155756207676,2.872366268806581,311.022,72.0,Greed
2024-02-10,19.733,21.1415,19.6643,19.8673,3097384.3,62739764.97827,240693.0,1673179.0,33912036.99079,3097384.3,248973.7000000002,19.87,66.66666666666669,2.872366268806581,311.022,74.0,Greed
2024-02-11,19.8727,20.121,19.2228,19.378,2174882.5,42929888.20936,164510.0,1094301.1,21612900.29736,2174882.5,13719.700000000186,19.38,63.157894736842096,2.872366268806581,311.022,71.0,Greed
2024-02-12,19.3751,20.038,18.74,19.6921,2705528.5,52527735.18748,230495.0,1390994.1,27025126.17326,2705528.5,76459.70000000019,19.69,60.504201680672274,2.872366268806581,311.022,70.0,Greed
2024-02-13,19.692,19.9043,18.6903,19.0864,2453935.2,47299190.04902,209072.0,1265587.8,24388483.27188,2453935.2,77240.3999999999,19.08,56.884875846501124,2.872366268806581,311.022,79.0,Extreme Greed
2024-02-14,19.084,19.6783,18.6331,19.2077,2678832.0,51371806.71179,244415.0,1313559.0,25200314.45875,2678832.0,-51714.0,19.21,70.4359673024523,2.872366268806581,311.022,74.0,Greed
2024-02-15,19.2059,19.4666,17.8201,18.2432,4402975.5,81837785.56709,387131.0,2103711.7,39107886.07225,4402975.5,-195552.09999999963,18.24,58.684210526315766,2.872366268806581,311.022,72.0,Greed
2024-02-16,18.2432,18.72,17.6112,18.54,2652498.4,48304005.96345,247708.0,1321504.2,24106542.19066,2652498.4,-9490.0,18.54,56.14525139664803,2.872366268806581,311.022,72.0,Greed
2024-02-17,18.5475,19.2468,18.0029,18.4619,3088917.1,57567722.9149,266517.0,1473846.5,27476117.43407,3088917.1,-141224.1000000001,18.46,55.027932960893864,2.872366268806581,311.022,76.0,Extreme Greed
2024-02-18,18.4613,19.2911,18.2418,18.6722,2234496.1,42139356.81749,217890.0,1094794.2,20655578.10415,2234496.1,-44907.700000000186,18.67,59.28571428571428,2.872366268806581,311.022,72.0,Greed
2024-02-19,18.6722,19.1616,18.4704,18.7332,2664904.7,50079916.95043,236239.0,1286923.9,24188512.6836,2664904.7,-91056.90000000037,18.73,57.46268656716417,2.872366268806581,311.022,75.0,Extreme Greed
2024-02-20,18.7333,18.8017,17.2,17.9584,3535229.2,63773796.72757,278131.0,1639368.4,29615391.37588,3535229.2,-256492.40000000037,17.96,53.62116991643453,2.872366268806581,311.022,72.0,Greed
2024-02-21,17.9606,17.9842,16.6453,17.3606,3034268.0,51841605.30301,279415.0,1427413.1,24369506.3683,3034268.0,-179441.7999999998,17.36,38.593750000000014,2.872366268806581,311.022,78.0,Extreme Greed
2024-02-22,17.3558,17.7852,16.8005,16.953,2313292.2,39824937.93535,223486.0,1082155.5,18654561.28709,2313292.2,-148981.2000000002,16.95,20.80291970802928,2.872366268806581,311.022,74.0,Greed
2024-02-23,16.9528,17.2337,15.8,16.3593,2643018.4,43341514.57462,260626.0,1305025.5,21395141.18149,2643018.4,-32967.39999999991,16.36,20.141342756183832,2.872366268806581,311.022,76.0,Extreme Greed
2024-02-24,16.3603,17.0858,16.0407,17.0529,1456099.1,24195070.15615,140551.0,721038.5,11973972.42729,1456099.1,-14022.100000000093,17.05,27.331189710610985,2.872366268806581,311.022,72.0,Greed
2024-02-25,17.0526,17.4797,16.7186,16.7512,1576118.4,26896318.30717,138988.0,733275.6,12516041.6319,1576118.4,-109567.19999999995,16.75,28.192371475953607,2.872366268806581,311.022,74.0,Greed
2024-02-26,16.75,17.5459,16.16,17.34,2464592.9,41673427.65889,187652.0,1190229.1,20144203.52083,2464592.9,-84134.69999999972,17.34,31.37876386687799,2.872366268806581,311.022,72.0,Greed
2024-02-27,17.34,17.82,16.69,17.0,2370452.9,40800083.55702,134895.0,1147475.4,19768398.34302,2370452.9,-75502.1000000001,17.0,32.78145695364242,2.872366268806581,311.022,79.0,Extreme Greed
2024-02-28,17.0,17.45,15.1083,16.5,5143109.3,85477939.31325,275747.0,2498585.1,41559540.19312,5143109.3,-145939.09999999963,16.5,28.86115444617785,2.872366268806581,311.022,82.0,Extreme Greed
2024-02-29,16.49,18.2442,16.11,16.51,5939662.2,102878695.55007,316182.0,2889128.3,50064509.51317,5939662.2,-161405.60000000056,16.51,34.12844036697251,2.872366268806581,311.022,80.0,Extreme Greed
2024-03-01,16.52,17.17,16.41,16.99,2225682.1,37255845.723,116696.0,1033891.6,17311479.769,2225682.1,-157898.90000000002,16.99,36.23445825932504,2.872366268806581,312.107,80.0,Extreme Greed
2024-03-02,16.99,17.12,16.31,16.75,2452972.4,40852615.658,132592.0,1176939.0,19596147.002,2452972.4,-99094.3999999999,16.75,35.233160621761655,2.872366268806581,312.107,80.0,Extreme Greed
2024-03-03,16.75,16.86,15.0,16.39,2876728.9,46968621.14436,153159.0,1341914.9,21929474.63276,2876728.9,-192899.1000000001,16.39,30.80808080808079,2.872366268806581,312.107,83.0,Extreme Greed
2024-03-04,16.39,16.55,15.11,15.65,4095801.7,64623504.108,195026.0,1970770.1,31090728.146,4095801.7,-154261.5,15.66,26.77760968229954,2.872366268806581,312.107,82.0,Extreme Greed
2024-03-05,15.65,17.46,14.12,15.57,10458005.6,169357843.84445,484342.0,4940067.8,80056504.9261,10458005.6,-577870.0,15.57,29.848229342327144,2.872366268806581,312.107,90.0,Extreme Greed
2024-03-06,15.57,16.34,14.92,16.23,3765591.1,59055112.689,175804.0,1840518.1,28900098.52,3765591.1,-84554.8999999999,16.23,40.56761268781303,2.872366268806581,312.107,75.0,Extreme Greed
2024-03-07,16.23,16.9,15.85,16.69,4042241.4,65992439.071,190614.0,2156000.9,35204596.598,4042241.4,269760.3999999999,16.69,47.84768211920532,2.872366268806581,312.107,82.0,Extreme Greed
2024-03-08,16.7,17.3,15.82,16.16,4119234.3,68021317.028,204173.0,2061104.5,34070354.858,4119234.3,2974.7000000001863,16.16,48.327759197324426,2.872366268806581,312.107,81.0,Extreme Greed
2024-03-09,16.17,17.71,16.02,16.68,3681292.0,62816713.43088,168042.0,1742796.0,29750860.14988,3681292.0,-195700.0,16.68,46.81583476764199,2.872366268806581,312.107,84.0,Extreme Greed
2024-03-10,16.69,17.3,15.61,16.05,2941246.4,48311359.382,130975.0,1443739.6,23743548.074,2941246.4,-53767.19999999972,16.05,44.299674267100976,2.872366268806581,312.107,79.0,Extreme Greed
2024-03-11,16.05,16.59,15.2,16.52,3502310.6,56176495.822,162207.0,1733028.0,27800232.172,3502310.6,-36254.60000000009,16.52,43.18936877076411,2.872366268806581,312.107,82.0,Extreme Greed
2024-03-12,16.52,18.5,16.0,17.94,11841505.3,205608645.55998,548468.0,6077404.3,105613108.00198,11841505.3,313303.2999999989,17.94,56.61971830985917,2.872366268806581,312.107,81.0,Extreme Greed
2024-03-13,17.94,18.34,16.87,17.24,4662934.8,81384111.88,199313.0,2290040.1,39972878.078,4662934.8,-82854.59999999963,17.24,55.068493150684915,2.872366268806581,312.107,81.0,Extreme Greed
2024-03-14,17.25,17.78,15.7,16.52,4389136.7,73727349.297,223108.0,2093952.2,35199010.182,4389136.7,-201232.30000000005,16.52,50.06242197253432,2.872366268806581,312.107,88.0,Extreme Greed
2024-03-15,16.52,16.84,14.04,15.35,6338611.0,96173686.50013,304889.0,3134929.0,47611605.97,6338611.0,-68753.0,15.34,40.52812858783009,2.872366268806581,312.107,83.0,Extreme Greed
2024-03-16,15.35,16.1,13.21,13.75,5567018.1,81793226.87857,238809.0,2715644.5,39896326.4619,5567018.1,-135729.09999999963,13.75,35.08946322067594,2.872366268806581,312.107,81.0,Extreme Greed
2024-03-17,13.76,14.77,13.01,14.19,4209199.3,58647074.99147,160955.0,2254072.1,31456350.2375,4209199.3,298944.9000000004,14.19,39.15187376725838,2.872366268806581,312.107,79.0,Extreme Greed
2024-03-18,14.19,14.29,12.78,12.9,3504780.5,47142863.566,139601.0,1703756.4,22897664.066,3504780.5,-97267.70000000019,12.9,37.10280373831776,2.872366268806581,312.107,77.0,Extreme Greed
2024-03-19,12.89,14.89,11.53,13.76,9751653.5,128543311.34111,361062.0,4896722.8,64553225.42273,9751653.5,41792.09999999963,13.75,42.05933682373473,2.872366268806581,312.107,79.0,Extreme Greed
2024-03-20,13.75,15.07,12.51,14.83,6225977.3,85278560.781,230812.0,3177102.5,43617091.313,6225977.3,128227.70000000019,14.83,44.10774410774411,2.872366268806581,312.107,74.0,Greed
2024-03-21,14.82,15.4,14.3,14.8,3722205.4,55296844.243,184410.0,1834375.4,27261110.404,3722205.4,-53454.60000000009,14.8,41.74672489082968,2.872366268806581,312.107,78.0,Extreme Greed
2024-03-22,14.8,14.86,13.35,13.8,2955923.3,41617122.823,132036.0,1362960.2,19186359.26,2955923.3,-230002.8999999999,13.8,40.10067114093959,2.872366268806581,312.107,75.0,Extreme Greed
2024-03-23,13.79,13.97,13.29,13.35,2361313.5,32074724.796,85433.0,1152750.7,15670646.662,2361313.5,-55812.10000000009,13.35,35.94936708860759,2.872366268806581,312.107,73.0,Greed
2024-03-24,13.36,13.75,13.09,13.65,1855241.1,24871402.442,70703.0,1014414.2,13611861.086,1855241.1,173587.2999999998,13.65,39.583333333333336,2.872366268806581,312.107,74.0,Greed
2024-03-25,13.66,14.57,13.47,14.08,2575155.9,36014114.03,99697.0,1274938.6,17828974.65,2575155.9,-25278.69999999972,14.08,39.37282229965157,2.872366268806581,312.107,75.0,Extreme Greed
2024-03-26,14.09,14.78,13.58,13.87,2463774.4,34801254.47,105552.0,1226025.8,17332911.422,2463774.4,-11722.799999999814,13.87,30.18500486854917,2.872366268806581,312.107,81.0,Extreme Greed
2024-03-27,13.87,14.36,13.42,13.94,3845000.4,53577369.839,161925.0,1969779.4,27455490.199,3845000.4,94558.3999999999,13.94,32.88381742738589,2.872366268806581,312.107,83.0,Extreme Greed
2024-03-28,13.94,14.5,13.6,14.17,2932407.7,41198097.602,150684.0,1441750.1,20264126.388,2932407.7,-48907.5,14.17,37.15846994535519,2.872366268806581,312.107,80.0,Extreme Greed
2024-03-29,14.17,15.53,14.01,15.24,5261607.9,78386780.537,218061.0,2734886.9,40763314.076,5261607.9,208165.89999999944,15.24,49.44690265486726,2.872366268806581,312.107,79.0,Extreme Greed
2024-03-30,15.24,15.3,14.37,14.45,1910772.8,28140178.662,85246.0,870807.4,12824760.797,1910772.8,-169158.0,14.45,54.24757281553397,2.872366268806581,312.107,75.0,Extreme Greed
2024-03-31,14.44,14.92,14.18,14.32,1926599.1,27922423.393,75199.0,964062.8,13975740.952,1926599.1,1526.5,14.32,50.81967213114754,2.872366268806581,312.107,75.0,Extreme Greed
2024-04-01,14.31,14.49,12.78,13.16,3391554.4,45814888.048,141713.0,1595056.1,21534019.034,3391554.4,-201442.19999999972,13.16,51.66666666666666,2.872366268806581,313.016,79.0,Extreme Greed
2024-04-02,13.15,13.23,12.0,12.06,3524345.5,43661572.892,139626.0,1768292.6,21919157.34,3524345.5,12239.700000000186,12.06,39.50310559006212,2.872366268806581,313.016,79.0,Extreme Greed
2024-04-03,12.07,12.48,11.6,11.95,2426823.4,29400045.522,103531.0,1160740.2,14073445.715,2426823.4,-105343.0,11.94,29.6191819464034,2.872366268806581,313.016,71.0,Greed
2024-04-04,11.94,12.68,11.61,12.31,2406067.5,29303387.39,96007.0,1222153.3,14916339.971,2406067.5,38239.10000000009,12.31,33.243606998654116,2.872366268806581,313.016,70.0,Greed
2024-04-05,12.31,12.31,11.36,11.83,2476407.2,29180077.35038,79494.0,1205187.3,14204277.316,2476407.2,-66032.6000000001,11.83,35.74529667149061,2.872366268806581,313.016,79.0,Extreme Greed
2024-04-06,11.83,12.2,11.72,12.04,1404607.9,16880324.098,40006.0,773014.9,9293131.836,1404607.9,141421.90000000014,12.04,40.17991004497752,2.872366268806581,313.016,75.0,Extreme Greed
2024-04-07,12.04,12.33,12.0,12.22,1313581.2,16011721.002,37588.0,679501.8,8283727.749,1313581.2,45422.40000000014,12.22,39.08396946564887,2.872366268806581,313.016,78.0,Extreme Greed
2024-04-08,12.21,12.88,11.87,12.48,2965347.1,36854055.239,83726.0,1451987.2,18051069.209,2965347.1,-61372.700000000186,12.48,37.46081504702195,2.872366268806581,313.016,76.0,Extreme Greed
2024-04-09,12.47,12.53,11.45,11.56,2648702.2,31651412.305,81423.0,1251452.5,14971689.541,2648702.2,-145797.2000000002,11.56,33.709449929478154,2.872366268806581,313.016,80.0,Extreme Greed
2024-04-10,11.55,11.66,10.78,11.43,2240261.3,25243668.19358,77267.0,1069710.1,12053968.373,2240261.3,-100841.09999999963,11.43,32.447552447552454,2.872366268806581,313.016,78.0,Extreme Greed
2024-04-11,11.43,11.44,10.79,10.88,2231453.1,24672312.54,68182.0,1078460.7,11924376.782,2231453.1,-74531.70000000019,10.88,27.978580990629197,2.872366268806581,313.016,76.0,Extreme Greed
2024-04-12,10.89,11.22,7.56,8.83,8259697.1,78322800.41107,243802.0,4072807.2,38648895.5682,8259697.1,-114082.69999999925,8.826,12.0652945351313,2.872366268806581,313.016,79.0,Extreme Greed
2024-04-13,8.82,10.4,7.28,10.04,16563764.0,150416297.06017,441840.0,8351800.0,76036863.083,16563764.0,139836.0,10.04,25.16332507321468,2.872366268806581,313.016,72.0,Greed
2024-04-14,10.03,11.78,9.32,10.57,16995880.1,179448162.9,431513.0,8540030.0,90211634.298,16995880.1,84179.89999999851,10.57,29.79090321189912,2.872366268806581,313.016,72.0,Greed
2024-04-15,10.57,10.64,9.2,9.77,6854653.2,68477142.148,202417.0,3363877.9,33634350.723,6854653.2,-126897.40000000037,9.769,30.990021302836652,2.872366268806581,313.016,74.0,Greed
2024-04-16,9.77,11.59,9.61,11.33,10247214.7,107497723.023,300251.0,5157511.2,54204341.378,10247214.7,67807.70000000112,11.33,46.10874200426439,2.872366268806581,313.016,65.0,Greed
2024-04-17,11.33,11.48,9.9,9.92,6504912.7,68697515.106,184019.0,3420472.7,36164319.118,6504912.7,336032.7000000002,9.921,40.538007310900745,2.872366268806581,313.016,67.0,Greed
2024-04-18,9.93,10.21,9.36,10.19,4781610.7,46919167.424,125499.0,2384516.8,23409643.303,4781610.7,-12577.100000000559,10.19,39.96971990915972,2.872366268806581,313.016,57.0,Greed
2024-04-19,10.19,11.73,9.28,10.72,8409774.3,90169810.968,248364.0,4216316.8,45294462.602,8409774.3,22859.299999998882,10.72,44.773026935392735,2.872366268806581,313.016,66.0,Greed
2024-04-20,10.71,12.11,10.63,11.94,4733769.6,54752140.375,151146.0,2405882.0,27825128.361,4733769.6,77994.40000000037,11.94,49.57000343997248,2.872366268806581,313.016,66.0,Greed
2024-04-21,11.94,12.44,11.29,11.53,4143398.7,48821222.174,137027.0,1961907.5,23171528.505,4143398.7,-219583.7000000002,11.53,47.09057176589644,2.872366268806581,313.016,72.0,Greed
2024-04-22,11.52,11.81,11.31,11.44,3081794.2,35634219.422,103091.0,1537851.5,17792587.087,3081794.2,-6091.200000000186,11.45,45.58999828737797,2.872366268806581,313.016,73.0,Greed
2024-04-23,11.45,12.2,10.84,12.01,4303520.1,49129454.074,122430.0,2187881.9,24991087.354,4303520.1,72243.70000000019,12.01,51.98798374271072,2.872366268806581,313.016,71.0,Greed
2024-04-24,12.02,12.26,10.88,11.06,3867686.0,44689994.364,126898.0,1759206.5,20339353.112,3867686.0,-349273.0,11.06,48.47586093260834,2.872366268806581,313.016,72.0,Greed
2024-04-25,11.06,11.15,10.56,10.68,2484022.5,26890704.061,86054.0,1179974.4,12782640.829,2484022.5,-124073.70000000019,10.68,49.1644385026738,2.872366268806581,313.016,72.0,Greed
2024-04-26,10.67,10.71,10.23,10.53,1648178.2,17290222.315,59817.0,811566.2,8518558.632,1648178.2,-25045.800000000047,10.53,58.465818759936404,2.872366268806581,313.016,70.0,Greed
2024-04-27,10.53,10.6,9.89,10.29,2225746.6,22498890.901,68941.0,1042393.2,10538872.778,2225746.6,-140960.2000000002,10.29,51.37513751375137,2.872366268806581,313.016,67.0,Greed
2024-04-28,10.29,10.56,9.98,10.05,1125579.7,11633995.02,38017.0,540275.5,5593676.015,1125579.7,-45028.69999999995,10.05,47.045454545454554,2.872366268806581,313.016,65.0,Greed
2024-04-29,10.05,10.18,9.37,9.76,3721314.92,35962034.9227,101572.0,1792710.08,17306041.0722,3721314.92,-135894.75999999978,9.763,49.9637943519189,2.872366268806581,313.016,67.0,Greed
2024-04-30,9.77,9.88,8.92,9.47,3620084.67,34091950.8941,110527.0,1716613.71,16184725.5463,3620084.67,-186857.25,9.471,36.7535984038763,2.872366268806581,313.016,67.0,Greed
2024-05-01,9.48,10.03,8.92,9.71,3482066.54,32893186.9757,118289.0,1730919.45,16373501.3974,3482066.54,-20227.64000000013,9.708,48.17792985457657,2.872366268806581,313.14,54.0,Greed
2024-05-02,9.7,10.37,9.34,10.14,2548669.48,25463995.8906,78455.0,1259183.62,12583481.8455,2548669.48,-30302.239999999758,10.14,49.583888149134495,2.872366268806581,313.14,43.0,Fear
2024-05-03,10.14,10.47,9.74,10.13,3292166.18,33120496.2876,85581.0,1705025.05,17167315.0812,3292166.18,117883.91999999993,10.13,44.62463556851312,2.872366268806581,313.14,48.0,Fear
2024-05-04,10.12,10.3,9.97,10.04,1953823.94,19768630.8265,50324.0,1004656.12,10172693.2988,1953823.94,55488.30000000005,10.04,28.20100963744838,2.872366268806581,313.14,67.0,Greed
2024-05-05,10.04,10.82,9.79,10.24,2858133.94,29415927.2806,91678.0,1473528.03,15180442.2201,2858133.94,88922.12000000011,10.24,34.45033751205402,2.872366268806581,313.14,69.0,Greed
2024-05-06,10.25,10.69,10.04,10.21,2786161.87,28885629.9926,93566.0,1396955.94,14494911.0059,2786161.87,7750.0099999997765,10.21,34.87066861883848,2.872366268806581,313.14,71.0,Greed
2024-05-07,10.2,10.34,9.43,9.46,3225250.34,31834824.7032,102712.0,1521294.51,15012122.9852,3225250.34,-182661.31999999983,9.458,20.256410256410277,2.872366268806581,313.14,68.0,Greed
2024-05-08,9.45,9.68,9.29,9.39,2489338.38,23603440.3261,74295.0,1271931.29,12064225.3453,2489338.38,54524.200000000186,9.389,25.49134643590496,2.872366268806581,313.14,64.0,Greed
2024-05-09,9.38,9.72,9.25,9.63,1498142.17,14182227.3464,54411.0,812402.97,7696519.0808,1498142.17,126663.77000000002,9.628,33.90452876376992,2.872366268806581,313.14,55.0,Greed
2024-05-10,9.63,9.9,8.99,9.11,2506980.3,23763538.8643,80560.0,1146795.25,10873570.1788,2506980.3,-213389.7999999998,9.115,30.51500963921788,2.872366268806581,313.14,66.0,Greed
2024-05-11,9.12,9.32,9.0,9.06,951714.37,8716426.9158,39885.0,424637.05,3889990.1844,951714.37,-102440.27000000008,9.057,32.12525369672373,2.872366268806581,313.14,53.0,Greed
2024-05-12,9.05,9.28,8.98,9.14,817773.76,7461572.7905,26539.0,406197.44,3708947.813,817773.76,-5378.880000000005,9.14,36.17861482381532,2.872366268806581,313.14,56.0,Greed
2024-05-13,9.14,9.39,8.63,8.94,2591354.98,23364514.7711,80444.0,1252459.83,11303783.0245,2591354.98,-86435.31999999983,8.937,37.125935162094784,2.872366268806581,313.14,57.0,Greed
2024-05-14,8.93,8.98,8.14,8.15,1758706.79,14987208.7805,62817.0,852961.69,7265378.4961,1758706.79,-52783.41000000015,8.154,32.19789132197894,2.872366268806581,313.14,66.0,Greed
2024-05-15,8.16,9.16,8.0,8.91,3320497.76,28499866.3447,97360.0,1721752.26,14789842.3662,3320497.76,123006.76000000024,8.908,40.512333965844405,2.872366268806581,313.14,64.0,Greed
2024-05-16,8.91,9.25,8.61,8.98,2209304.3,19733547.5472,65413.0,1079216.9,9648243.6054,2209304.3,-50870.5,8.974,34.857142857142875,2.872366268806581,313.14,70.0,Greed
2024-05-17,8.97,9.86,8.89,9.47,3261328.39,30557850.9473,105717.0,1720396.19,16127634.5387,3261328.39,179463.98999999976,9.47,42.38929889298893,2.872366268806581,313.14,74.0,Greed
2024-05-18,9.48,9.67,9.32,9.51,1568140.29,14882850.1227,49555.0,781522.95,7422406.2599,1568140.29,-5094.39000000013,9.511,43.83018427804993,2.872366268806581,313.14,73.0,Greed
2024-05-19,9.52,9.6,8.71,8.82,1408577.46,12835776.0339,50550.0,642829.27,5853052.6159,1408577.46,-122918.91999999993,8.821,35.147582164538406,2.872366268806581,313.14,72.0,Greed
2024-05-20,8.83,9.64,8.52,9.62,3830522.98,34574146.4009,116676.0,1909580.84,17272489.1735,3830522.98,-11361.299999999814,9.624,44.72072072072072,2.872366268806581,313.14,70.0,Greed
2024-05-21,9.63,9.99,9.45,9.72,3751321.61,36291184.9969,119246.0,1804075.52,17453186.9203,3751321.61,-143170.56999999983,9.726,52.734693877551024,2.872366268806581,313.14,76.0,Extreme Greed
2024-05-22,9.72,10.34,9.3,9.58,4244098.07,41467154.005,141665.0,2117819.82,20713976.9959,4244098.07,-8458.430000000633,9.579,51.9083969465649,2.872366268806581,313.14,76.0,Extreme Greed
2024-05-23,9.58,9.82,8.6,9.21,4113543.59,38574044.6563,132622.0,2072267.69,19483201.9266,4113543.59,30991.790000000037,9.21,45.90837901331246,2.872366268806581,313.14,76.0,Extreme Greed
2024-05-24,9.21,9.35,8.69,8.88,1767827.66,15862890.4896,58453.0,864241.05,7753465.6777,1767827.66,-39345.55999999982,8.883,47.643234457537574,2.872366268806581,313.14,74.0,Greed
2024-05-25,8.88,9.16,8.84,9.1,1476518.82,13308698.8302,37222.0,717928.4,6474230.4321,1476518.82,-40662.02000000002,9.101,50.43290043290043,2.872366268806581,313.14,76.0,Extreme Greed
2024-05-26,9.1,9.43,9.03,9.32,2360251.94,21745676.5602,62451.0,1111455.29,10245152.6666,2360251.94,-137341.35999999987,9.319,51.71554533256661,2.872366268806581,313.14,75.0,Extreme Greed
2024-05-27,9.32,10.25,9.08,10.16,3096749.22,29610121.7048,87102.0,1486298.99,14234992.8443,3096749.22,-124151.24000000022,10.16,60.44406490179334,2.872366268806581,313.14,74.0,Greed
2024-05-28,10.17,11.88,9.6,11.67,12894636.34,139487096.5279,366872.0,6609370.19,71607791.9837,12894636.34,324104.04000000097,11.67,76.7092069279854,2.872366268806581,313.14,72.0,Greed
2024-05-29,11.66,11.96,10.67,10.76,7491413.07,85061821.7439,270107.0,3546956.08,40331305.2032,7491413.07,-397500.91000000015,10.76,63.74295043039477,2.872366268806581,313.14,72.0,Greed
2024-05-30,10.77,11.6,10.51,10.69,5637351.67,62428904.8373,184532.0,2640553.62,29287984.5956,5637351.67,-356244.4299999997,10.69,62.72619400771283,2.872366268806581,313.14,73.0,Greed
2024-05-31,10.69,11.02,10.36,10.53,3044425.47,32383728.123,106010.0,1469960.84,15640653.2439,3044425.47,-104503.79000000004,10.54,58.36460287679798,2.872366268806581,313.14,73.0,Greed
2024-06-01,10.54,11.49,10.45,11.35,3033992.64,33268184.8258,89334.0,1580583.43,17334590.5005,3033992.64,127174.21999999974,11.35,62.833217027215625,2.872366268806581,313.131,72.0,Greed
2024-06-02,11.35,11.86,10.96,11.77,3282464.63,37331980.2098,107902.0,1619385.41,18437630.7827,3282464.63,-43693.810000000056,11.77,71.38506163886873,2.872366268806581,313.131,73.0,Greed
2024-06-03,11.78,11.78,10.72,10.76,2918818.79,32472525.6831,91404.0,1294283.06,14403491.0346,2918818.79,-330252.6699999999,10.76,57.99774711348915,2.872366268806581,313.131,73.0,Greed
2024-06-04,10.77,10.96,10.52,10.72,2142049.82,23039761.9046,64287.0,1072720.79,11543797.6805,2142049.82,3391.760000000242,10.72,57.059659090909086,2.872366268806581,313.131,73.0,Greed
2024-06-05,10.73,11.11,10.31,10.48,4364743.75,46538395.8076,114162.0,2200515.57,23466845.0198,4364743.75,36287.389999999665,10.48,56.315715687648954,2.872366268806581,313.131,75.0,Extreme Greed
2024-06-06,10.48,10.53,10.12,10.43,2234954.64,23206913.1516,60341.0,1151821.25,11967321.4783,2234954.64,68687.85999999987,10.43,58.95215732315819,2.872366268806581,313.131,78.0,Extreme Greed
2024-06-07,10.44,11.03,8.75,9.67,5675573.12,57670071.4436,171173.0,2795989.98,28445624.4894,5675573.12,-83593.16000000015,9.67,55.42983303435905,2.872366268806581,313.131,77.0,Extreme Greed
2024-06-08,9.67,9.85,9.0,9.07,2703471.73,25495768.9595,74365.0,1264115.65,11928243.5701,2703471.73,-175240.43000000017,9.069,49.790301441677585,2.872366268806581,313.131,72.0,Greed
2024-06-09,9.07,9.19,8.89,9.06,1676540.78,15207548.8083,39447.0,795597.3,7221399.8507,1676540.78,-85346.17999999993,9.063,48.27446751145861,2.872366268806581,313.131,75.0,Extreme Greed
2024-06-10,9.07,9.35,8.83,8.98,2459376.96,22320200.841,64754.0,1211184.41,11000527.0465,2459376.96,-37008.14000000013,8.979,41.134964720012,2.872366268806581,313.131,72.0,Greed
2024-06-11,8.98,9.16,8.3,8.42,4448032.7,38801572.3629,117445.0,2113136.67,18446030.1972,4448032.7,-221759.36000000034,8.423,21.552479411249337,2.872366268806581,313.131,74.0,Greed
2024-06-12,8.43,9.06,8.13,8.71,5638350.4,48789644.4101,127463.0,2913594.7,25221800.0819,5638350.4,188839.0,8.714,29.89386792452831,2.872366268806581,313.131,72.0,Greed
2024-06-13,8.71,8.77,7.79,7.86,3659791.34,29829193.6729,97092.0,1821494.65,14850552.473,3659791.34,-16802.040000000037,7.861,25.907000510986208,2.872366268806581,313.131,70.0,Greed
2024-06-14,7.87,8.07,7.31,7.64,3349260.16,25884716.425,87832.0,1683850.71,13029484.2925,3349260.16,18441.259999999776,7.643,25.610372116517937,2.872366268806581,313.131,74.0,Greed
2024-06-15,7.65,7.87,7.6,7.67,1269612.76,9775823.0185,30860.0,632919.32,4875431.3509,1269612.76,-3774.1200000001118,7.668,14.280170741171915,2.872366268806581,313.131,74.0,Greed
2024-06-16,7.67,8.21,7.5,8.21,1677241.69,13196860.9954,46661.0,882402.81,6951401.4611,1677241.69,87563.93000000017,8.207,16.214678551109444,2.872366268806581,313.131,71.0,Greed
2024-06-17,8.21,8.34,7.06,7.26,4508802.62,34151039.7496,103125.0,2141686.31,16207182.0151,4508802.62,-225430.0,7.258,16.40445126630854,2.872366268806581,313.131,71.0,Greed
2024-06-18,7.26,7.29,6.0,6.41,7181831.54,46605783.11951,153563.0,3495443.75,22672104.6839,7181831.54,-190944.04000000004,6.409,14.200298953662184,2.872366268806581,313.131,74.0,Greed
2024-06-19,6.41,6.65,6.29,6.53,4167062.76,27158567.4655,83785.0,2190983.4,14286557.3524,4167062.76,214904.04000000004,6.53,16.536767197560167,2.872366268806581,313.131,64.0,Greed
2024-06-20,6.53,6.81,6.24,6.37,3862780.7,25315433.7652,78942.0,1918527.92,12588709.1496,3862780.7,-25724.860000000335,6.369,16.231498420089835,2.872366268806581,313.131,60.0,Greed
2024-06-21,6.37,6.64,6.25,6.41,3528143.52,22741729.5647,72928.0,1729520.06,11145516.9549,3528143.52,-69103.3999999999,6.41,19.210426898375545,2.872366268806581,313.131,63.0,Greed
2024-06-22,6.42,6.42,6.21,6.33,1311631.96,8269591.7719,30450.0,632263.81,3987088.0246,1311631.96,-47104.33999999985,6.33,21.307353865493425,2.872366268806581,313.131,53.0,Greed
2024-06-23,6.34,6.55,6.04,6.09,2118899.3,13373522.646,39258.0,970994.18,6132538.7421,2118899.3,-176910.9399999996,6.089,20.307507987220475,2.872366268806581,313.131,55.0,Greed
2024-06-24,6.09,6.75,5.73,6.72,5627041.58,35193724.70363,109130.0,2801988.89,17558241.4837,5627041.58,-23063.799999999814,6.718,29.641635152170025,2.872366268806581,313.131,51.0,Greed
2024-06-25,6.71,7.1,6.67,6.8,2827100.16,19463379.0261,61341.0,1467714.58,10118241.8024,2827100.16,108329.0,6.798,33.99645459917275,2.872366268806581,313.131,30.0,Fear
2024-06-26,6.8,6.87,6.31,6.43,2833930.2,18586693.2071,50677.0,1365144.76,8944597.3344,2833930.2,-103640.68000000017,6.427,27.826255574946686,2.872366268806581,313.131,46.0,Fear
2024-06-27,6.43,6.534,6.226,6.313,4878027.85,31005667.41756,164780.0,2630068.9,16726237.63531,4878027.85,382109.9500000002,6.313,32.480760525124495,2.872366268806581,313.131,40.0,Fear
2024-06-28,6.313,6.498,6.026,6.067,2177282.78,13673754.0163,110505.0,1162895.13,7310567.08354,2177282.78,148507.47999999998,6.066,32.268945356420076,2.872366268806581,313.131,47.0,Fear
2024-06-29,6.068,6.306,6.005,6.044,1968924.3,12136297.34184,87045.0,1005612.59,6198200.07594,1968924.3,42300.87999999989,6.044,31.72817281728173,2.872366268806581,313.131,30.0,Fear
2024-06-30,6.044,6.29,5.987,6.201,2226315.32,13678277.96943,105559.0,1094787.86,6729203.52022,2226315.32,-36739.59999999963,6.202,25.32611370908195,2.872366268806581,313.131,47.0,Fear
2024-07-01,6.201,6.33,5.638,5.807,4895059.79,28994201.59475,181420.0,2392723.88,14158153.59986,4895059.79,-109612.03000000026,5.807,29.324593901396412,2.872366268806581,313.566,53.0,Greed
2024-07-02,5.807,5.984,5.731,5.825,2359250.03,13790179.482,85650.0,1156115.6,6761388.43044,2359250.03,-47018.82999999961,5.825,39.09634055265124,2.872366268806581,313.566,51.0,Greed
2024-07-03,5.826,5.951,5.28,5.307,3939143.04,22135948.78628,141505.0,1821519.22,10231820.54405,3939143.04,-296104.6000000003,5.309,30.13342011064107,2.872366268806581,313.566,50.0,Neutral
2024-07-04,5.308,5.334,4.73,4.905,5425094.93,27140098.59327,180091.0,2634486.93,13199410.97356,5425094.93,-156121.06999999937,4.903,27.908378541289935,2.872366268806581,313.566,44.0,Fear
2024-07-05,4.905,5.059,4.141,4.818,8874777.95,40935434.98292,312085.0,4544804.86,20969361.85163,8874777.95,214831.77000000142,4.816,26.30796670630201,2.872366268806581,313.566,29.0,Fear
2024-07-06,4.819,5.632,4.761,5.596,5536578.49,29405288.98718,256131.0,2912101.85,15445805.43478,5536578.49,287625.20999999996,5.594,40.940423436730676,2.872366268806581,313.566,26.0,Fear
2024-07-07,5.596,5.597,5.059,5.087,3275376.81,17346205.29633,157838.0,1524070.77,8068033.35053,3275376.81,-227235.27000000002,5.088,38.43309452276403,2.872366268806581,313.566,29.0,Fear
2024-07-08,5.088,6.301,4.888,6.057,9138773.67,52998994.43056,449705.0,4555492.71,26436635.79838,9138773.67,-27788.25,6.054,42.88164665523156,2.872366268806581,313.566,28.0,Fear
2024-07-09,6.057,7.365,5.968,7.252,10630352.17,70505316.97212,590797.0,5452797.81,36163637.38093,10630352.17,275243.44999999925,7.255,53.949870354364734,2.872366268806581,313.566,27.0,Fear
2024-07-10,7.252,7.436,6.57,6.829,6630924.02,46152775.83737,405893.0,3207771.74,22337392.93867,6630924.02,-215380.5399999991,6.83,53.45093337900325,2.872366268806581,313.566,28.0,Fear
2024-07-11,6.831,7.233,6.29,6.44,5627462.57,38249105.29637,365801.0,2677756.83,18221494.07451,5627462.57,-271948.91000000015,6.441,51.04677788681714,2.872366268806581,313.566,29.0,Fear
2024-07-12,6.439,6.727,6.222,6.367,4482385.46,28971036.70809,271576.0,2142437.46,13851990.0744,4482385.46,-197510.54000000004,6.365,52.51556452969881,2.872366268806581,313.566,25.0,Fear
2024-07-13,6.367,6.487,6.027,6.087,3559559.1,22163325.69914,175854.0,1749539.39,10892221.68766,3559559.1,-60480.3200000003,6.088,50.354953210713134,2.872366268806581,313.566,25.0,Fear
2024-07-14,6.087,6.411,6.076,6.324,3603039.49,22474695.52227,152123.0,1785722.11,11145069.52906,3603039.49,-31595.27000000002,6.323,50.96414342629482,2.872366268806581,313.566,33.0,Fear
2024-07-15,6.323,6.984,6.261,6.847,6197244.33,40498809.49074,294107.0,3186097.32,20834590.84025,6197244.33,174950.3099999996,6.846,58.11338435108542,2.872366268806581,313.566,52.0,Greed
2024-07-16,6.848,6.888,6.3,6.614,4634118.58,30554296.65427,236218.0,2199597.55,14513310.66296,4634118.58,-234923.48000000045,6.618,55.995765915620744,2.872366268806581,313.566,65.0,Greed
2024-07-17,6.615,6.757,6.267,6.281,4896039.17,31984999.08366,276555.0,2365755.36,15465270.00808,4896039.17,-164528.4500000002,6.281,57.553621386384826,2.872366268806581,313.566,69.0,Greed
2024-07-18,6.28,6.517,5.97,6.195,3199765.23,20072786.80583,180733.0,1533656.21,9643624.57525,3199765.23,-132452.81000000006,6.193,60.546108567691306,2.872366268806581,313.566,61.0,Greed
2024-07-19,6.195,6.465,6.038,6.412,2972252.36,18546343.63195,165899.0,1477083.84,9215617.2644,2972252.36,-18084.679999999702,6.413,62.77804448711794,2.872366268806581,313.566,60.0,Greed
2024-07-20,6.413,6.804,6.312,6.534,3500825.88,23074542.35141,159605.0,1711387.8,11275308.18803,3500825.88,-78050.2799999998,6.535,58.412301090649024,2.872366268806581,313.566,74.0,Greed
2024-07-21,6.534,7.407,6.291,7.29,4540107.09,30606627.62313,208495.0,2376175.47,16066642.8105,4540107.09,212243.85000000056,7.296,68.8782489740082,2.872366268806581,313.566,74.0,Greed
2024-07-22,7.29,7.66,7.073,7.229,8206908.03,60622149.41154,403895.0,4077555.3,30158959.01697,8206908.03,-51797.43000000063,7.233,61.921132457027284,2.872366268806581,313.566,70.0,Greed
2024-07-23,7.228,7.314,6.355,6.407,4720736.76,32189331.42819,267587.0,2217690.55,15122093.79763,4720736.76,-285355.66000000015,6.406,40.71319186173704,2.872366268806581,313.566,71.0,Greed
2024-07-24,6.407,6.503,5.947,5.984,3510679.68,22192651.98104,165221.0,1580679.65,10001398.63036,3510679.68,-349320.38000000035,5.984,40.739929947460595,2.872366268806581,313.566,69.0,Greed
2024-07-25,5.983,5.983,5.409,5.714,5403010.27,30862712.69799,237076.0,2726255.59,15543245.42739,5403010.27,49500.91000000015,5.714,41.829624634749386,2.872366268806581,313.566,68.0,Greed
2024-07-26,5.715,6.049,5.689,5.992,2912829.47,17094162.19419,124482.0,1436440.98,8427310.31414,2912829.47,-39947.51000000024,5.992,45.990109653837884,2.872366268806581,313.566,68.0,Greed
2024-07-27,5.991,6.1,5.661,5.882,2343158.9,13846298.96335,121860.0,1072058.13,6340375.88297,2343158.9,-199042.64000000013,5.883,47.713584653134056,2.872366268806581,313.566,72.0,Greed
2024-07-28,5.881,5.881,5.564,5.681,1746880.95,9955280.92274,76880.0,822658.08,4686428.06723,1746880.95,-101564.79000000004,5.683,42.80575539568344,2.872366268806581,313.566,71.0,Greed
2024-07-29,5.682,5.913,5.448,5.569,2828109.4,16094202.54423,133591.0,1341115.35,7634662.83956,2828109.4,-145878.69999999972,5.571,34.2085707208323,2.872366268806581,313.566,74.0,Greed
2024-07-30,5.57,5.745,5.259,5.427,2235987.37,12369433.30576,131697.0,1107356.79,6129184.4333,2235987.37,-21273.790000000037,5.426,34.92665655032879,2.872366268806581,313.566,67.0,Greed
2024-07-31,5.428,5.532,5.245,5.269,2504154.87,13550188.46526,95204.0,1218752.22,6595581.39416,2504154.87,-66650.43000000017,5.27,36.60217333686721,2.872366268806581,313.566,61.0,Greed
2024-08-01,5.269,5.675,5.033,5.585,4613129.08,24718205.58285,187884.0,2320581.54,12458294.38755,4613129.08,28034.0,5.584,42.38559639909978,2.872366268806581,314.131,52.0,Greed
2024-08-02,5.585,5.639,5.02,5.326,6569206.56,34851942.0233,264170.0,3334283.12,17659326.65394,6569206.56,99359.68000000063,5.326,36.53703244983898,2.872366268806581,314.131,57.0,Greed
2024-08-03,5.327,5.552,4.899,4.965,5134568.55,26928345.92906,189909.0,2380482.83,12504741.15762,5134568.55,-373602.88999999966,4.966,31.649122807017548,2.872366268806581,314.131,37.0,Fear
2024-08-04,4.966,5.298,4.577,4.72,4679189.91,22996051.01566,181247.0,2191306.75,10772982.93227,4679189.91,-296576.41000000015,4.718,15.736310473152571,2.872366268806581,314.131,34.0,Fear
2024-08-05,4.72,5.301,3.9,4.741,16019247.45,73769858.94424,741130.0,7758567.65,35707742.41089,16019247.45,-502112.1499999985,4.737,16.433566433566426,2.872366268806581,314.131,26.0,Fear
2024-08-06,4.741,5.161,4.709,4.979,5119655.8,25433870.37538,267621.0,2548638.54,12670225.60076,5119655.8,-22378.71999999974,4.98,27.24952137843013,2.872366268806581,314.131,17.0,Extreme Fear
2024-08-07,4.979,5.102,4.455,4.525,4248495.88,20406929.65618,195864.0,1944028.82,9326258.53642,4248495.88,-360438.2399999995,4.523,26.94856421584096,2.872366268806581,314.131,29.0,Fear
2024-08-08,4.526,5.7,4.47,5.659,9258638.95,45290857.75076,255872.0,4706267.31,23097917.34686,9258638.95,153895.66999999993,5.659,49.31846344485749,2.872366268806581,314.131,20.0,Extreme Fear
2024-08-09,5.66,5.798,5.418,5.602,8077642.07,45397054.76898,263855.0,3934959.68,22132507.8644,8077642.07,-207722.70999999996,5.602,44.887257472469855,2.872366268806581,314.131,48.0,Fear
2024-08-10,5.602,6.249,5.517,5.876,7420170.14,43005830.19778,251067.0,3685678.34,21361434.48783,7420170.14,-48813.45999999996,5.877,49.92462311557789,2.872366268806581,314.131,40.0,Fear
2024-08-11,5.878,5.878,5.105,5.124,4023070.87,22081207.33088,124995.0,1852586.19,10160419.71818,4023070.87,-317898.4900000002,5.124,43.83410544893007,2.872366268806581,314.131,39.0,Fear
2024-08-12,5.123,6.056,5.07,5.864,6872178.45,38885116.78212,266451.0,3437012.81,19461380.46949,6872178.45,1847.1699999999255,5.863,52.82945736434109,2.872366268806581,314.131,25.0,Fear
2024-08-13,5.865,6.425,5.533,6.196,5378443.15,32348886.17461,248012.0,2710733.83,16288344.36699,5378443.15,43024.50999999978,6.195,57.19094819524967,2.872366268806581,314.131,31.0,Fear
2024-08-14,6.197,6.232,5.68,5.682,5598649.18,33650038.40988,253195.0,2607474.66,15714578.56939,5598649.18,-383699.8599999994,5.681,53.60210341805435,2.872366268806581,314.131,30.0,Fear
2024-08-15,5.683,5.911,5.311,5.381,6372724.34,35670341.48218,249551.0,3058952.8,17146780.64744,6372724.34,-254818.74000000022,5.381,48.216482164821656,2.872366268806581,314.131,29.0,Fear
2024-08-16,5.381,5.57,4.985,5.152,5042924.29,26261266.75479,182189.0,2389462.17,12426206.87604,5042924.29,-263999.9500000002,5.151,48.4548825710754,2.872366268806581,314.131,27.0,Fear
2024-08-17,5.153,5.2,5.009,5.126,2972727.1,15174832.07755,99470.0,1449225.53,7402076.31014,2972727.1,-74276.04000000004,5.126,51.5015015015015,2.872366268806581,314.131,25.0,Fear
2024-08-18,5.127,5.264,4.987,4.997,2897709.1,14898782.33037,105221.0,1350443.29,6946830.3319,2897709.1,-196822.52000000002,4.994,52.647735993860316,2.872366268806581,314.131,31.0,Fear
2024-08-19,4.998,5.032,4.765,5.015,3667612.84,17959417.09357,114422.0,1848652.12,9059674.51184,3667612.84,29691.400000000373,5.017,52.6840490797546,2.872366268806581,314.131,28.0,Fear
2024-08-20,5.015,5.202,4.912,4.996,3698855.71,18736785.56018,129729.0,1736033.65,8799446.61552,3698855.71,-226788.41000000015,4.995,50.150150150150154,2.872366268806581,314.131,30.0,Fear
2024-08-21,4.995,5.225,4.89,5.156,3657628.29,18563661.93583,204315.0,1814459.48,9216727.5011,3657628.29,-28709.330000000075,5.155,56.72626649638144,2.872366268806581,314.131,26.0,Fear
2024-08-22,5.155,5.299,5.117,5.275,2802126.01,14591920.97814,153971.0,1368119.68,7129449.29438,2802126.01,-65886.6499999999,5.274,44.77044281445259,2.872366268806581,314.131,39.0,Fear
2024-08-23,5.276,5.947,5.264,5.93,6324302.42,35498512.19418,325700.0,3149376.17,17677527.21474,6324302.42,-25550.080000000075,5.929,53.82098621173171,2.872366268806581,314.131,34.0,Fear
2024-08-24,5.93,6.194,5.852,6.049,3720365.96,22422652.83949,229350.0,1772424.09,10685287.64109,3720365.96,-175517.7799999998,6.048,52.073732718894014,2.872366268806581,314.131,56.0,Greed
2024-08-25,6.049,6.052,5.651,5.696,3872145.9,22384832.72892,211053.0,1723628.75,9968140.18734,3872145.9,-424888.3999999999,5.694,57.6530612244898,2.872366268806581,314.131,54.0,Greed
2024-08-26,5.696,5.789,5.411,5.411,3698811.68,20658287.72765,244046.0,1699953.19,9502340.26811,3698811.68,-298905.3000000003,5.412,43.09764309764309,2.872366268806581,314.131,55.0,Greed
2024-08-27,5.411,5.581,4.902,5.013,5302191.31,27673328.48238,298212.0,2572418.18,13430402.49067,5302191.31,-157354.94999999925,5.013,32.27354529094181,2.872366268806581,314.131,48.0,Fear
2024-08-28,5.012,5.144,4.614,4.774,5541286.22,27102827.1958,335716.0,2718820.07,13304586.74911,5541286.22,-103646.08000000007,4.778,35.22094926350246,2.872366268806581,314.131,30.0,Fear
2024-08-29,4.775,4.96,4.553,4.606,3886394.89,18526463.18408,236150.0,1930945.0,9225773.88458,3886394.89,-24504.89000000013,4.607,36.773752563226246,2.872366268806581,314.131,29.0,Fear
2024-08-30,4.604,4.711,4.224,4.513,5119551.64,22919888.88243,219919.0,2493426.43,11169254.91964,5119551.64,-132698.77999999933,4.513,38.566308243727605,2.872366268806581,314.131,34.0,Fear
2024-08-31,4.513,4.624,4.366,4.487,1780428.91,8042433.04009,59582.0,857418.26,3872892.65345,1780428.91,-65592.3899999999,4.487,38.55249014690075,2.872366268806581,314.131,29.0,Fear
2024-09-01,4.488,4.521,4.168,4.233,2388439.45,10466417.72436,80363.0,1112371.89,4875733.61964,2388439.45,-163695.6700000004,4.234,36.95054945054945,2.872366268806581,314.851,26.0,Fear
2024-09-02,4.232,4.547,4.203,4.474,2820303.37,12397884.44276,94604.0,1406419.93,6190829.54068,2820303.37,-7463.510000000242,4.474,41.32310642377756,2.872366268806581,314.851,26.0,Fear
2024-09-03,4.475,4.558,4.033,4.052,2656673.74,11387986.69818,86286.0,1299141.57,5579496.48619,2656673.74,-58390.60000000009,4.054,36.66005103487383,2.872366268806581,314.851,26.0,Fear
2024-09-04,4.054,4.375,3.869,4.155,5013711.63,20831643.8147,145252.0,2517114.04,10468852.50945,5013711.63,20516.450000000186,4.155,35.582468281430224,2.872366268806581,314.851,27.0,Fear
2024-09-05,4.156,4.213,3.985,4.044,3596618.48,14706370.69656,111954.0,1687338.06,6898977.53039,3596618.48,-221942.35999999987,4.044,32.22543352601156,2.872366268806581,314.851,29.0,Fear
2024-09-06,4.044,4.198,3.722,3.909,5182547.97,20665592.97111,214802.0,2492934.7,9933843.46748,5182547.97,-196678.56999999937,3.91,15.651582170806392,2.872366268806581,314.851,22.0,Extreme Fear
2024-09-07,3.909,4.031,3.865,3.946,2026258.98,7994693.90192,114428.0,996610.19,3932828.2095,2026258.98,-33038.60000000009,3.946,13.200280112044823,2.872366268806581,314.851,23.0,Extreme Fear
2024-09-08,3.946,4.104,3.904,4.064,2436380.12,9758398.58879,132530.0,1173211.41,4700171.58752,2436380.12,-89957.30000000028,4.063,18.862161130202352,2.872366268806581,314.851,29.0,Fear
2024-09-09,4.065,4.375,4.058,4.26,4762926.81,19925030.25672,212576.0,2503915.2,10473316.6901,4762926.81,244903.59000000078,4.259,27.240426371891047,2.872366268806581,314.851,26.0,Fear
2024-09-10,4.26,4.288,4.107,4.232,3316545.43,13912881.18471,134011.0,1616709.72,6783800.41332,3316545.43,-83125.99000000022,4.232,31.92966219342898,2.872366268806581,314.851,33.0,Fear
2024-09-11,4.233,4.248,3.883,4.112,4464122.13,18044836.9201,181402.0,1999157.43,8070577.82812,4464122.13,-465807.27000000025,4.112,33.72434017595309,2.872366268806581,314.851,37.0,Fear
2024-09-12,4.113,4.335,4.096,4.241,4457007.61,18888777.0376,186084.0,2292425.47,9718127.39653,4457007.61,127843.33000000007,4.241,40.86826347305388,2.872366268806581,314.851,31.0,Fear
2024-09-13,4.24,4.593,4.068,4.504,4660348.62,20056776.59414,186341.0,2378286.9,10254857.39,4660348.62,96225.1799999997,4.502,49.746660525103636,2.872366268806581,314.851,32.0,Fear
2024-09-14,4.504,4.693,4.315,4.654,6205923.4,27878586.4356,220925.0,3141263.81,14113822.31361,6205923.4,76604.21999999974,4.654,53.63517631693512,2.872366268806581,314.851,50.0,Neutral
2024-09-15,4.654,5.12,4.608,4.8,8786532.06,43049936.18456,368472.0,4562163.06,22368573.64735,8786532.06,337794.05999999866,4.799,62.90543627227045,2.872366268806581,314.851,51.0,Greed
2024-09-16,4.798,4.811,4.478,4.536,4627627.92,21394620.93589,184422.0,2041578.91,9434446.53115,4627627.92,-544470.0999999999,4.535,51.37821961138725,2.872366268806581,314.851,39.0,Fear
2024-09-17,4.535,5.291,4.522,5.227,8742010.32,44273540.43914,355322.0,4480523.11,22671899.02288,8742010.32,219035.90000000037,5.226,73.59098228663444,2.872366268806581,314.851,33.0,Fear
2024-09-18,5.227,5.471,4.999,5.404,9607232.88,50450302.49432,332220.0,4815208.12,25324027.09344,9607232.88,23183.359999999404,5.404,74.38500585708707,2.872366268806581,314.851,45.0,Fear
2024-09-19,5.404,6.498,5.323,5.948,14259878.3,86039536.06988,472331.0,7409636.94,44714099.56238,14259878.3,559395.5800000001,5.947,81.79084530571333,2.872366268806581,314.851,49.0,Fear
2024-09-20,5.947,6.261,5.758,6.005,8002270.95,47859477.73673,356001.0,4062175.86,24311581.33611,8002270.95,122080.76999999955,6.005,85.91018169352073,2.872366268806581,314.851,54.0,Greed
2024-09-21,6.005,6.14,5.748,6.014,5059489.78,29888595.22378,216033.0,2404418.26,14212376.96662,5059489.78,-250653.2600000007,6.013,85.7736240913811,2.872366268806581,314.851,54.0,Greed
2024-09-22,6.014,6.034,5.194,5.354,8095433.82,44529073.80713,336292.0,3905265.95,21482484.4916,8095433.82,-284901.9199999999,5.356,68.85389326334207,2.872366268806581,314.851,52.0,Greed
2024-09-23,5.354,6.777,5.241,6.649,14108491.32,82870439.25549,526348.0,7304653.64,43026926.35084,14108491.32,500815.95999999903,6.648,76.3977900552486,2.872366268806581,314.851,50.0,Neutral
2024-09-24,6.648,6.91,6.03,6.414,13276536.04,84106875.20947,512042.0,6351454.19,40286829.52082,13276536.04,-573627.6599999983,6.416,73.08668076109937,2.872366268806581,314.851,54.0,Greed
2024-09-25,6.412,6.85,6.116,6.157,6818399.02,43838023.44234,311881.0,3368602.5,21683855.82375,6818399.02,-81194.01999999955,6.158,71.01479046836484,2.872366268806581,314.851,59.0,Greed
2024-09-26,6.157,6.498,6.08,6.268,7531795.1,47318748.91614,300956.0,3770412.9,23689390.22927,7531795.1,9030.700000000186,6.271,70.919208573784,2.872366268806581,314.851,50.0,Neutral
2024-09-27,6.268,6.599,6.166,6.383,8082634.19,51809528.05919,372404.0,4080195.5,26174164.8994,8082634.19,77756.80999999959,6.384,70.00425170068029,2.872366268806581,314.851,61.0,Greed
2024-09-28,6.383,6.443,5.735,5.988,6061472.67,37148141.15543,304107.0,2854230.83,17468758.02337,6061472.67,-353011.0099999998,5.988,63.48019401778497,2.872366268806581,314.851,64.0,Greed
2024-09-29,5.991,6.225,5.762,6.008,5807118.18,34825461.20981,328023.0,2639238.81,15844650.16545,5807118.18,-528640.5599999996,6.009,62.54145936981758,2.872366268806581,314.851,63.0,Greed
2024-09-30,6.009,6.096,5.46,5.528,6241279.86,36440206.90535,304379.0,2959557.41,17314811.69695,6241279.86,-322165.04000000004,5.53,59.87299067275253,2.872366268806581,314.851,61.0,Greed
2024-10-01,5.529,5.746,4.945,5.091,8936516.57,47924001.53075,336821.0,4294629.05,23066725.61839,8936516.57,-347258.47000000067,5.089,48.569638755481314,2.872366268806581,315.564,50.0,Neutral
2024-10-02,5.089,5.531,4.746,4.837,9456819.32,48451878.98405,294171.0,3930963.16,20199271.94071,9456819.32,-1594893.0,4.841,44.206626877958435,2.872366268806581,315.564,42.0,Fear
2024-10-03,4.836,4.933,4.506,4.758,6412657.61,30355163.56961,285631.0,3120599.95,14791329.637,6412657.61,-171457.70999999996,4.758,36.48556490111389,2.872366268806581,315.564,37.0,Fear
2024-10-04,4.757,5.368,4.747,5.238,7128803.74,36497551.73258,277588.0,3616781.37,18515116.72701,7128803.74,104759.0,5.238,42.04521883426676,2.872366268806581,315.564,41.0,Fear
2024-10-05,5.238,5.245,4.96,5.143,3094985.91,15787823.91775,150958.0,1308276.66,6676584.23529,3094985.91,-478432.5900000003,5.142,41.128539417396624,2.872366268806581,315.564,49.0,Fear
2024-10-06,5.144,5.484,5.057,5.315,3598180.65,19010571.31109,160417.0,1755368.82,9280031.49044,3598180.65,-87443.00999999978,5.313,49.51390458964504,2.872366268806581,315.564,50.0,Neutral
2024-10-07,5.313,5.74,5.285,5.325,7583789.53,42037818.15518,295481.0,3728367.95,20689814.37544,7583789.53,-127053.62999999989,5.326,28.975826972010182,2.872366268806581,315.564,50.0,Neutral
2024-10-08,5.325,5.432,5.046,5.136,4335211.86,22715203.86025,223273.0,1993417.26,10449657.33858,4335211.86,-348377.34000000055,5.137,29.377620122541103,2.872366268806581,315.564,49.0,Fear
2024-10-09,5.135,5.195,4.795,4.816,5141888.0,25605780.42115,239203.0,2441861.28,12162187.34155,5141888.0,-258165.4400000004,4.817,28.801770471071762,2.872366268806581,315.564,49.0,Fear
2024-10-10,4.816,5.05,4.683,5.02,4236927.93,20633918.65508,189084.0,2142244.9,10446097.08752,4236927.93,47561.87000000011,5.02,30.771595450353516,2.872366268806581,315.564,39.0,Fear
2024-10-11,5.02,5.65,4.936,5.377,7025286.04,37638773.44482,254484.0,3662401.51,19613922.15319,7025286.04,299516.9799999995,5.377,35.60194452387759,2.872366268806581,315.564,32.0,Fear
2024-10-12,5.377,5.646,5.306,5.51,5551404.47,30436506.47994,214726.0,2755675.97,15117575.44604,5551404.47,-40052.52999999933,5.51,42.60977118119974,2.872366268806581,315.564,49.0,Fear
2024-10-13,5.511,6.383,5.433,6.247,13647192.21,81297342.46082,441817.0,6750885.2,40224847.47599,13647192.21,-145421.81000000052,6.245,52.98885511651469,2.872366268806581,315.564,50.0,Neutral
2024-10-14,6.249,6.517,5.965,6.279,10766472.78,67254692.48597,361888.0,5335178.21,33358122.13026,10766472.78,-96116.3599999994,6.28,60.702054794520556,2.872366268806581,315.564,48.0,Fear
2024-10-15,6.28,6.43,5.853,6.064,10267872.1,63145396.93789,332497.0,4900837.65,30140479.38129,10267872.1,-466196.7999999989,6.066,64.90692706743971,2.872366268806581,315.564,65.0,Greed
2024-10-16,6.065,6.081,5.679,5.873,6034013.1,35557343.58824,228280.0,2848404.92,16790637.63739,6034013.1,-337203.2599999998,5.874,66.0353927351754,2.872366268806581,315.564,73.0,Greed
2024-10-17,5.875,6.193,5.566,5.959,7305932.98,42917789.49406,265975.0,3578357.79,21052919.27597,7305932.98,-149217.40000000037,5.96,68.64143920595534,2.872366268806581,315.564,71.0,Greed
2024-10-18,5.96,6.33,5.875,6.016,6286934.13,38186767.24436,233266.0,3156877.18,19184120.98334,6286934.13,26820.230000000447,6.016,63.89285714285714,2.872366268806581,315.564,73.0,Greed
2024-10-19,6.017,6.171,5.832,5.862,2719807.64,16315955.02092,136143.0,1215264.8,7297264.963,2719807.64,-289278.04000000004,5.862,62.5962211336599,2.872366268806581,315.564,72.0,Greed
2024-10-20,5.862,6.11,5.765,6.105,3817521.49,22819976.43032,167325.0,1870912.71,11187460.38646,3817521.49,-75696.0700000003,6.105,63.51535836177476,2.872366268806581,315.564,73.0,Greed
2024-10-21,6.105,6.179,5.62,5.625,5404449.98,31632613.06461,208154.0,2485462.84,14548627.63934,5404449.98,-433524.30000000075,5.626,54.41696113074206,2.872366268806581,315.564,72.0,Greed
2024-10-22,5.625,5.83,5.593,5.789,4916899.19,28277491.01809,207717.0,2468607.23,14203050.78494,4916899.19,20315.269999999553,5.788,59.66162065894926,2.872366268806581,315.564,70.0,Greed
2024-10-23,5.789,6.027,5.67,5.974,8012561.81,47125951.68719,298776.0,3842595.32,22616133.1814,8012561.81,-327371.1699999999,5.973,67.87260358688928,2.872366268806581,315.564,71.0,Greed
2024-10-24,5.975,6.286,5.791,6.135,7195735.51,43646414.24145,254915.0,3760865.01,22827885.75793,7195735.51,325994.5099999998,6.136,67.47025673137131,2.872366268806581,315.564,69.0,Greed
2024-10-25,6.136,6.246,5.052,5.299,8528242.71,49020860.96677,296515.0,3919501.21,22605753.80482,8528242.71,-689240.290000001,5.307,49.04528096017459,2.872366268806581,315.564,72.0,Greed
2024-10-26,5.299,5.426,5.171,5.395,5346014.26,28405603.47485,187671.0,2462702.66,13089370.43612,5346014.26,-420608.9399999995,5.396,48.42628382109332,2.872366268806581,315.564,72.0,Greed
2024-10-27,5.396,5.465,5.1,5.129,3406707.9,17909150.31778,139599.0,1611563.6,8473100.90688,3406707.9,-183580.69999999972,5.131,32.32868020304569,2.872366268806581,315.564,74.0,Greed
2024-10-28,5.13,5.245,4.759,5.088,6999642.84,35188221.85761,226432.0,3329786.59,16755487.37348,6999642.84,-340069.66000000015,5.089,31.149097815764478,2.872366268806581,315.564,72.0,Greed
2024-10-29,5.088,5.43,4.921,5.276,10129236.89,52188301.09303,322988.0,5024577.24,25886041.36397,10129236.89,-80082.41000000015,5.276,37.38825031928479,2.872366268806581,315.564,72.0,Greed
2024-10-30,5.277,5.278,4.602,4.764,13804819.4,66893356.10719,344452.0,6984817.84,33772421.13893,13804819.4,164816.27999999933,4.764,33.92236384704519,2.872366268806581,315.564,77.0,Extreme Greed
2024-10-31,4.764,4.973,4.558,4.867,18167468.37,85724450.86017,417765.0,9617439.17,45395636.04902,18167468.37,1067409.9699999988,4.866,34.227220299884635,2.872366268806581,315.564,77.0,Extreme Greed
2024-11-01,4.866,4.928,4.411,4.552,12569562.52,58966395.30715,332221.0,6904469.63,32339274.85482,12569562.52,1239376.7400000002,4.551,30.346122887040508,2.872366268806581,316.449,75.0,Extreme Greed
2024-11-02,4.553,4.725,4.539,4.681,7785288.47,35996234.87752,204270.0,4344850.03,20084618.42031,7785288.47,904411.5900000008,4.681,34.05347015933026,2.872366268806581,316.449,72.0,Greed
2024-11-03,4.683,4.774,4.287,4.556,11876029.11,53862688.55902,328797.0,6004773.35,27246269.8219,11876029.11,133517.58999999985,4.556,28.39609483960946,2.872366268806581,316.449,74.0,Greed
2024-11-04,4.557,4.631,4.161,4.222,6801911.43,30035107.88986,224528.0,3358955.99,14828477.11807,6801911.43,-83999.44999999925,4.221,29.5844231328102,2.872366268806581,316.449,70.0,Greed
2024-11-05,4.223,4.501,4.177,4.226,9259207.75,40004120.62319,259299.0,4818063.25,20816973.83941,9259207.75,376918.75,4.226,26.218026796589484,2.872366268806581,316.449,70.0,Greed
2024-11-06,4.226,5.21,4.211,5.115,20891201.86,98144302.37187,294101.0,10153286.17,47822692.66389,20891201.86,-584629.5199999996,5.115,39.242728184553656,2.872366268806581,316.449,70.0,Greed
2024-11-07,5.115,5.328,5.025,5.125,10739803.86,55471333.95507,240978.0,4999687.14,25846073.34631,10739803.86,-740429.5800000001,5.124,36.80229525299945,2.872366268806581,316.449,77.0,Extreme Greed
2024-11-08,5.127,5.45,5.018,5.409,11753780.01,61452998.82546,294959.0,5497328.32,28763924.16973,11753780.01,-759123.3699999992,5.408,51.53542110063849,2.872366268806581,316.449,75.0,Extreme Greed
2024-11-09,5.409,5.575,5.193,5.528,8195967.21,44117231.45128,296960.0,3776519.41,20334119.96294,8195967.21,-642928.3899999997,5.53,52.01685731487056,2.872366268806581,316.449,75.0,Extreme Greed
2024-11-10,5.529,5.757,5.223,5.579,17466938.33,96916663.29844,524611.0,8461252.65,46972767.16607,17466938.33,-544433.0299999975,5.581,57.239382239382245,2.872366268806581,316.449,78.0,Extreme Greed
2024-11-11,5.582,5.899,5.455,5.8,15593554.32,88209265.52756,394316.0,7603795.6,43061008.87704,15593554.32,-385963.12000000104,5.805,60.88145896656535,2.872366268806581,316.449,76.0,Extreme Greed
2024-11-12,5.802,5.855,4.992,5.475,22226458.46,120337471.26588,496839.0,10947405.28,59222240.97005,22226458.46,-331647.90000000224,5.474,52.88293535235878,2.872366268806581,316.449,80.0,Extreme Greed
2024-11-13,5.475,5.584,4.8,5.033,15038307.54,77121812.81079,511938.0,7409105.07,37982050.811,15038307.54,-220097.3999999985,5.034,54.015466983938126,2.872366268806581,316.449,84.0,Extreme Greed
2024-11-14,5.034,5.415,4.65,4.734,12721889.82,63376894.04864,321582.0,6642301.21,33146705.01612,12721889.82,562712.5999999996,4.733,48.13254703734906,2.872366268806581,316.449,88.0,Extreme Greed
2024-11-15,4.733,4.992,4.569,4.934,8731843.41,41913008.67529,169452.0,4194842.78,20138771.09622,8731843.41,-342157.8499999996,4.935,55.56844547563804,2.872366268806581,316.449,80.0,Extreme Greed
2024-11-16,4.935,5.404,4.876,5.231,9160962.4,46988936.35825,189978.0,4516503.58,23162236.12058,9160962.4,-127955.24000000022,5.23,57.59756435095488,2.872366268806581,316.449,86.0,Extreme Greed
2024-11-17,5.232,5.386,4.877,5.025,10097393.62,52371080.53997,230631.0,4860073.36,25222765.37988,10097393.62,-377246.8999999985,5.024,56.334596643205195,2.872366268806581,316.449,90.0,Extreme Greed
2024-11-18,5.027,5.753,4.968,5.559,13426413.7,71613559.03238,294687.0,6755221.35,36095345.02409,13426413.7,84029.0,5.559,67.18027734976887,2.872366268806581,316.449,83.0,Extreme Greed
2024-11-19,5.56,5.569,5.014,5.161,7624778.6,40456640.03255,163354.0,3623913.97,19240755.08798,7624778.6,-376950.6599999992,5.161,60.905061814788894,2.872366268806581,316.449,90.0,Extreme Greed
2024-11-20,5.163,5.2,4.838,4.937,6235764.19,31449329.8538,136511.0,3041131.59,15353943.06432,6235764.19,-153501.0100000007,4.937,47.54279403644396,2.872366268806581,316.449,83.0,Extreme Greed
2024-11-21,4.938,5.54,4.807,5.417,11439878.95,59661781.66598,223274.0,5960136.7,31120335.01123,11439878.95,480394.4500000011,5.418,53.590620420127024,2.872366268806581,316.449,82.0,Extreme Greed
2024-11-22,5.419,5.8,5.355,5.71,12812789.55,70689322.55835,257940.0,6462941.37,35682656.53235,12812789.55,113093.18999999948,5.709,53.66983662521336,2.872366268806581,316.449,94.0,Extreme Greed
2024-11-23,5.709,7.637,5.655,7.125,39826506.64,264859047.46804,793588.0,20305442.85,134800019.29013,39826506.64,784379.0600000024,7.126,64.78873239436619,2.872366268806581,316.449,93.0,Extreme Greed
2024-11-24,7.125,8.524,7.041,7.954,43088429.17,332239860.0083,982718.0,21547945.61,166108297.74807,43088429.17,7462.04999999702,7.949,69.19584954604409,2.872366268806581,316.449,80.0,Extreme Greed
2024-11-25,7.954,8.514,7.431,7.761,28910189.68,229032917.05573,720953.0,13985357.23,111034883.02617,28910189.68,-939475.2199999988,7.763,65.97063621533442,2.872366268806581,316.449,82.0,Extreme Greed
2024-11-26,7.758,8.598,7.234,8.217,24976202.02,196373100.64626,582067.0,12376081.11,97459726.32737,24976202.02,-224039.80000000075,8.22,71.94693094629156,2.872366268806581,316.449,79.0,Extreme Greed
2024-11-27,8.218,8.64,7.789,8.063,18008915.73,147484349.75155,452748.0,8970616.57,73556240.37791,18008915.73,-67682.58999999985,8.061,75.33054393305439,2.872366268806581,316.449,75.0,Extreme Greed
2024-11-28,8.064,8.939,7.966,8.232,15950767.9,134101798.37079,444278.0,8019928.39,67533394.14943,15950767.9,89088.87999999896,8.231,79.92813141683777,2.872366268806581,316.449,77.0,Extreme Greed
2024-11-29,8.229,8.257,7.86,8.04,11041606.18,89389284.88821,291247.0,5410912.4,43809093.44709,11041606.18,-219781.37999999896,8.038,76.58954584404455,2.872366268806581,316.449,78.0,Extreme Greed
2024-11-30,8.039,8.588,7.976,8.366,11194794.56,92936054.29345,318684.0,5556592.05,46130627.98218,11194794.56,-81610.4600000009,8.366,76.72119972733469,2.872366268806581,316.449,84.0,Extreme Greed
2024-12-01,8.367,8.45,7.907,8.0,7795547.83,63144256.71502,220397.0,3733972.27,30257067.48965,7795547.83,-327603.29000000004,8.0,74.68480424684805,2.872366268806581,317.603,81.0,Extreme Greed
2024-12-02,8.0,8.047,7.182,7.681,16056728.73,121279156.36913,447648.0,7826875.03,59031738.21037,16056728.73,-402978.6699999999,7.681,68.25533379215416,2.872366268806581,317.603,80.0,Extreme Greed
2024-12-03,7.68,8.177,7.29,8.096,18684088.35,146612084.40048,586081.0,9767223.74,76699007.95082,18684088.35,850359.129999999,8.096,75.17584491336422,2.872366268806581,317.603,76.0,Extreme Greed
2024-12-04,8.097,8.924,7.896,8.326,18180127.37,154294946.69609,500568.0,9632035.54,81789575.83118,18180127.37,1083943.7099999972,8.325,79.03668152211176,2.872366268806581,317.603,78.0,Extreme Greed
2024-12-05,8.326,8.71,7.842,8.244,14748967.51,123521935.20378,408499.0,7235051.93,60597455.4711,14748967.51,-278863.6500000004,8.241,75.96100790877323,2.872366268806581,317.603,84.0,Extreme Greed
2024-12-06,8.247,9.282,8.18,8.836,13504457.96,118125250.61008,430192.0,7003031.32,61312845.83953,13504457.96,501604.6799999997,8.837,77.23789620341346,2.872366268806581,317.603,72.0,Greed
2024-12-07,8.839,8.973,8.387,8.465,7743318.83,66663616.28168,221949.0,3804354.38,32755405.09404,7743318.83,-134610.0700000003,8.464,64.24010217113667,2.872366268806581,317.603,75.0,Extreme Greed
2024-12-08,8.465,8.557,8.134,8.379,4625647.45,38540883.0741,138564.0,2222036.01,18512274.35961,4625647.45,-181575.43000000063,8.378,55.41529916687706,2.872366268806581,317.603,79.0,Extreme Greed
2024-12-09,8.38,8.381,5.75,6.662,23837280.1,167948946.36038,631655.0,11666666.52,82289477.95368,23837280.1,-503947.0600000024,6.674,40.06205511954737,2.872366268806581,317.603,78.0,Extreme Greed
2024-12-10,6.663,6.997,6.236,6.629,17183285.86,113254439.42936,473545.0,8756289.74,57794690.53523,17183285.86,329293.62000000104,6.631,34.31391905231983,2.872366268806581,317.603,78.0,Extreme Greed
2024-12-11,6.631,7.373,6.394,7.212,11412089.67,79769883.16608,236970.0,5932619.46,41475487.14785,11412089.67,453149.25,7.21,42.24247948951686,2.872366268806581,317.603,74.0,Greed
2024-12-12,7.213,7.66,7.124,7.216,9599237.39,71295466.69797,257251.0,4723724.86,35119621.12297,9599237.39,-151787.66999999993,7.216,40.462319112948684,2.872366268806581,317.603,83.0,Extreme Greed
2024-12-13,7.217,7.365,6.87,7.116,7583933.76,54249166.92987,226509.0,3679003.87,26316147.95018,7583933.76,-225926.01999999955,7.117,41.18997512913716,2.872366268806581,317.603,76.0,Extreme Greed
2024-12-14,7.118,7.231,6.601,6.85,4777138.99,32883540.31978,128786.0,2460582.53,16943029.99027,4777138.99,144026.06999999937,6.851,35.33397870280736,2.872366268806581,317.603,83.0,Extreme Greed
2024-12-15,6.853,7.002,6.539,6.885,5328086.54,36313217.61908,134864.0,2781106.03,18952168.02728,5328086.54,234125.51999999955,6.883,38.439246532808944,2.872366268806581,317.603,80.0,Extreme Greed
2024-12-16,6.886,7.082,6.418,6.579,7749543.73,52017109.77179,189725.0,3966064.09,26645855.98912,7749543.73,182584.44999999925,6.58,38.56697819314641,2.872366268806581,317.603,83.0,Extreme Greed
2024-12-17,6.58,6.688,6.156,6.272,6450120.16,41803426.68161,159765.0,3412688.4,22133932.70983,6450120.16,375256.63999999966,6.269,30.60921248142644,2.872366268806581,317.603,87.0,Extreme Greed
2024-12-18,6.272,6.397,5.618,5.748,10723649.3,64959288.48094,271636.0,5677003.98,34433743.69143,10723649.3,630358.6600000001,5.751,24.260000000000005,2.872366268806581,317.603,81.0,Extreme Greed
2024-12-19,5.748,5.83,4.914,5.103,16389518.9,87875144.92404,374932.0,7993258.89,42842810.60361,16389518.9,-403001.120000002,5.103,21.800862688713167,2.872366268806581,317.603,75.0,Extreme Greed
2024-12-20,5.105,5.364,4.344,5.239,17503087.08,84712653.14622,314740.0,8917778.15,43230821.76877,17503087.08,332469.22000000253,5.24,14.769833496572005,2.872366268806581,317.603,74.0,Greed
2024-12-21,5.24,5.672,4.83,4.942,8097885.79,42037918.85667,179105.0,3957858.61,20553237.44859,8097885.79,-182168.5700000003,4.941,14.987080103359176,2.872366268806581,317.603,73.0,Greed
2024-12-22,4.943,5.193,4.783,4.921,7330009.54,36503382.23866,148440.0,3610127.67,17986441.92691,7330009.54,-109754.20000000019,4.921,15.186304128902322,2.872366268806581,317.603,73.0,Greed
2024-12-23,4.922,5.449,4.798,5.331,6891185.84,35082049.61231,147198.0,3494734.45,17806492.82573,6891185.84,98283.06000000052,5.332,31.72657952069717,2.872366268806581,317.603,70.0,Greed
2024-12-24,5.33,5.508,5.126,5.381,7187516.82,38342035.41758,212336.0,3622652.6,19335965.0899,7187516.82,57788.37999999989,5.381,33.007069059271345,2.872366268806581,317.603,73.0,Greed
2024-12-25,5.38,5.412,5.038,5.124,5306804.22,27701743.54177,105292.0,2669316.35,13956186.8575,5306804.22,31828.480000000447,5.124,18.921334922526825,2.872366268806581,317.603,73.0,Greed
2024-12-26,5.124,5.171,4.802,4.905,4176564.15,20592432.66172,86359.0,2010821.01,9912281.91452,4176564.15,-154922.12999999966,4.905,17.623984309330353,2.872366268806581,317.603,79.0,Extreme Greed
2024-12-27,4.906,5.087,4.697,4.747,6469986.65,31611915.01575,129434.0,3450800.14,16893484.48974,6469986.65,431613.6299999999,4.747,17.33737596471886,2.872366268806581,317.603,74.0,Greed
2024-12-28,4.748,4.995,4.656,4.925,3767972.76,18040940.86217,86755.0,1892617.1,9078996.67367,3767972.76,17261.44000000041,4.926,22.818412877718174,2.872366268806581,317.603,72.0,Greed
2024-12-29,4.926,4.972,4.693,4.755,2786004.38,13504529.63632,79362.0,1483381.76,7194912.97311,2786004.38,180759.14000000013,4.755,21.08695652173914,2.872366268806581,317.603,73.0,Greed
2024-12-30,4.756,4.952,4.643,4.767,5008577.77,24094629.49346,130991.0,2628543.7,12650161.4586,5008577.77,248509.63000000082,4.767,23.251696665683113,2.872366268806581,317.603,65.0,Greed
2024-12-31,4.768,4.867,4.591,4.621,3187549.8,15041859.23833,80173.0,1537077.55,7261584.87912,3187549.8,-113394.69999999972,4.622,24.449270865653133,2.872366268806581,317.603,64.0,Greed
2025-01-01,4.62,4.887,4.553,4.864,2723557.59,12856727.63826,53258.0,1337086.32,6314457.00076,2723557.59,-49384.94999999972,4.864,34.950797421106216,2.999412512831112,319.086,66.0,Greed
2025-01-02,4.864,5.186,4.856,5.067,4450830.15,22519513.03252,91688.0,2070508.01,10471685.12512,4450830.15,-309814.1300000006,5.066,49.260295881647345,2.999412512831112,319.086,70.0,Greed
2025-01-03,5.067,5.507,4.958,5.5,7335483.12,38899803.97152,120416.0,3678313.19,19517254.08431,7335483.12,21143.259999999776,5.499,54.62996067214871,2.999412512831112,319.086,74.0,Greed
2025-01-04,5.498,5.707,5.393,5.565,5033109.77,27829340.72834,107113.0,2498513.85,13824624.25102,5033109.77,-36082.06999999937,5.565,62.168486739469586,2.999412512831112,319.086,73.0,Greed
2025-01-05,5.565,5.615,5.366,5.554,3402827.92,18674991.76754,67879.0,1586633.35,8711643.42941,3402827.92,-229561.21999999974,5.554,62.38747553816046,2.999412512831112,319.086,72.0,Greed
2025-01-06,5.555,5.678,5.335,5.524,6280994.26,34616007.38759,113952.0,2908427.84,16051514.919,6280994.26,-464138.5800000001,5.524,54.415823367065315,2.999412512831112,319.086,76.0,Extreme Greed
2025-01-07,5.524,5.597,4.874,4.879,8444901.03,44137145.95623,180051.0,4022918.35,21016016.41364,8444901.03,-399064.3299999996,4.878,40.9238542042584,2.999412512831112,319.086,78.0,Extreme Greed
2025-01-08,4.878,4.939,4.332,4.514,12162806.71,56082384.69396,227308.0,5964121.32,27521724.5733,12162806.71,-234564.0700000003,4.514,39.40236275191107,2.999412512831112,319.086,70.0,Greed
2025-01-09,4.513,4.732,4.371,4.532,7030529.39,32050256.15268,130574.0,3259757.52,14865568.51833,7030529.39,-511014.3499999996,4.532,43.03324617108704,2.999412512831112,319.086,69.0,Greed
2025-01-10,4.533,4.872,4.432,4.834,5341884.9,24540298.93696,120709.0,2607149.86,12001247.28382,5341884.9,-127585.18000000063,4.834,51.54200638071605,2.999412512831112,319.086,50.0,Neutral
2025-01-11,4.834,4.957,4.6,4.929,5266288.46,25092897.68051,93692.0,2853352.7,13629387.76886,5266288.46,440416.9400000004,4.928,50.03654970760233,2.999412512831112,319.086,69.0,Greed
2025-01-12,4.93,5.194,4.765,4.934,6154043.88,30477597.12577,120200.0,3198891.72,15848905.37656,6154043.88,243739.56000000052,4.933,53.463035019455255,2.999412512831112,319.086,62.0,Greed
2025-01-13,4.934,5.116,4.316,4.613,10484215.64,48008938.38591,406247.0,4927037.64,22545225.73608,10484215.64,-630140.3600000013,4.613,47.324530924252954,2.999412512831112,319.086,61.0,Greed
2025-01-14,4.612,4.826,4.57,4.767,3930058.38,18373821.82964,176527.0,1969633.58,9216927.815,3930058.38,9208.78000000026,4.767,52.51125736058193,2.999412512831112,319.086,63.0,Greed
2025-01-15,4.767,5.273,4.632,5.242,9978627.34,49969777.24571,344986.0,4933775.24,24749517.71649,9978627.34,-111076.8599999994,5.242,56.057692307692314,2.999412512831112,319.086,70.0,Greed
2025-01-16,5.243,5.268,4.876,5.009,7787626.72,39211949.49166,294775.0,4024144.07,20262173.41314,7787626.72,260661.41999999993,5.008,49.07994923857868,2.999412512831112,319.086,75.0,Extreme Greed
2025-01-17,5.009,5.49,5.009,5.369,9495108.85,50826612.93082,310670.0,4811252.04,25744556.22913,9495108.85,127395.23000000045,5.369,47.88961038961039,2.999412512831112,319.086,75.0,Extreme Greed
2025-01-18,5.369,5.477,4.761,4.853,7975015.95,39679748.92853,329381.0,3971189.95,19763083.055,7975015.95,-32636.049999999814,4.854,39.92632473788608,2.999412512831112,319.086,77.0,Extreme Greed
2025-01-19,4.854,5.286,4.467,4.653,20333944.81,97753786.48464,748240.0,9667712.77,46498937.5065,20333944.81,-998519.2699999996,4.653,37.88652863673029,2.999412512831112,319.086,77.0,Extreme Greed
2025-01-20,4.652,5.22,4.367,4.604,19083479.02,90074454.54806,880500.0,9664188.81,45609138.1539,19083479.02,244898.6000000015,4.604,37.6939539860888,2.999412512831112,319.086,76.0,Extreme Greed
2025-01-21,4.604,5.0,4.401,4.887,7916823.22,37231436.12483,378576.0,3794105.9,17826333.75996,7916823.22,-328611.4199999999,4.887,50.133333333333326,2.999412512831112,319.086,76.0,Extreme Greed
2025-01-22,4.887,4.988,4.656,4.679,4475930.45,21667406.36719,213895.0,2150493.42,10418355.93201,4475930.45,-174943.61000000034,4.68,52.579241765071465,2.999412512831112,319.086,84.0,Extreme Greed
2025-01-23,4.679,4.754,4.45,4.635,6699131.98,30747756.54421,302335.0,3428106.98,15738785.80296,6699131.98,157081.97999999952,4.635,51.58705701078583,2.999412512831112,319.086,75.0,Extreme Greed
2025-01-24,4.635,4.839,4.5,4.542,4718938.33,22070893.77481,197224.0,2472134.28,11564526.64685,4718938.33,225330.22999999952,4.542,45.19104084321476,2.999412512831112,319.086,75.0,Extreme Greed
2025-01-25,4.543,4.662,4.451,4.543,2921175.78,13283934.10757,130794.0,1385985.31,6306164.18812,2921175.78,-149205.15999999968,4.543,43.45905538566089,2.999412512831112,319.086,75.0,Extreme Greed
2025-01-26,4.543,4.638,4.337,4.346,2639434.8,11936276.89695,110249.0,1177211.98,5331972.92761,2639434.8,-285010.83999999985,4.345,40.625,2.999412512831112,319.086,73.0,Greed
2025-01-27,4.345,4.345,3.82,4.053,12030684.38,48342278.1773,433870.0,5839067.19,23433981.97015,12030684.38,-352550.0,4.052,40.977806368607254,2.999412512831112,319.086,71.0,Greed
2025-01-28,4.053,4.122,3.756,3.807,4483251.28,17831411.82724,159339.0,2256497.62,8981680.40287,4483251.28,29743.959999999963,3.807,35.0,2.999412512831112,319.086,72.0,Greed
2025-01-29,3.807,4.095,3.793,3.922,6103938.63,24073401.55488,215581.0,3174103.89,12519774.5894,6103938.63,244269.15000000037,3.921,26.734765762592446,2.999412512831112,319.086,72.0,Greed
2025-01-30,3.922,4.358,3.862,4.245,5237684.39,21916083.69297,166293.0,2578019.38,10777430.96243,5237684.39,-81645.62999999989,4.246,36.996587030716725,2.999412512831112,319.086,70.0,Greed
2025-01-31,4.245,4.54,4.136,4.341,6223752.28,27067995.45037,193796.0,2899781.88,12618947.31023,6223752.28,-424188.5200000005,4.34,30.679684566278624,2.999412512831112,319.086,76.0,Extreme Greed
2025-02-01,4.339,4.456,3.875,3.925,4939389.4,20720335.06309,165170.0,2181413.83,9155353.66868,4939389.4,-576561.7400000002,3.925,31.87670698400312,2.999412512831112,319.086,68.0,Greed
2025-02-02,3.925,4.025,3.0,3.3,16211074.94,56833633.23941,495971.0,7593580.01,26592027.81738,16211074.94,-1023914.9199999999,3.3,27.351858051556746,2.999412512831112,319.086,60.0,Greed
2025-02-03,3.301,3.514,2.353,3.499,37783674.95,112376843.8871,926263.0,18660064.01,55546644.96367,37783674.95,-463546.9299999997,3.499,32.38763149505897,2.999412512831112,319.086,44.0,Fear
2025-02-04,3.498,3.511,3.039,3.249,14358103.6,46119876.25758,427404.0,6781577.65,21796332.89995,14358103.6,-794948.2999999989,3.249,23.61469072164951,2.999412512831112,319.086,72.0,Greed
2025-02-05,3.25,3.314,2.974,3.026,7955077.83,25121043.60828,260122.0,3771130.66,11917877.36345,7955077.83,-412816.5099999998,3.025,23.486062159564256,2.999412512831112,319.086,54.0,Greed
2025-02-06,3.026,3.14,2.822,2.916,11186095.89,33211193.42146,280903.0,5353972.73,15881619.97391,11186095.89,-478150.4299999997,2.917,23.021356783919614,2.999412512831112,319.086,49.0,Fear
2025-02-07,2.917,3.108,2.723,2.82,6918519.87,20309940.82233,216650.0,3430272.36,10075032.14055,6918519.87,-57975.15000000037,2.82,22.99247176913427,2.999412512831112,319.086,44.0,Fear
2025-02-08,2.821,3.047,2.775,3.033,4555827.98,13125856.96716,124238.0,2277252.01,6567332.94,4555827.98,-1323.960000000894,3.033,27.794117647058826,2.999412512831112,319.086,44.0,Fear
2025-02-09,3.033,3.187,2.917,3.114,6460398.07,19809879.56866,164806.0,3255261.84,9985876.69672,6460398.07,50125.609999999404,3.114,31.251903746573262,2.999412512831112,319.086,46.0,Fear
2025-02-10,3.113,3.32,3.009,3.232,6183441.26,19709186.49518,141709.0,3107160.2,9916361.90287,6183441.26,30879.140000000596,3.232,36.80823680823681,2.999412512831112,319.086,43.0,Fear
2025-02-11,3.232,3.57,3.184,3.224,8321663.71,28239848.89297,108805.0,3864255.16,13111312.36113,8321663.71,-593153.3899999997,3.224,39.84674329501917,2.999412512831112,319.086,47.0,Fear
2025-02-12,3.224,3.309,2.968,3.222,9225626.11,29086266.59403,135853.0,4578910.19,14443969.03026,9225626.11,-67805.72999999858,3.221,37.318840579710155,2.999412512831112,319.086,46.0,Fear
2025-02-13,3.222,3.256,2.942,3.044,5882023.65,18067175.11672,76948.0,2937755.54,9023047.18531,5882023.65,-6512.570000000298,3.044,26.99081163859111,2.999412512831112,319.086,50.0,Neutral
2025-02-14,3.045,3.305,3.032,3.18,5423758.47,17243881.14468,83281.0,2620947.98,8341275.04798,5423758.47,-181862.50999999978,3.179,28.11911044101018,2.999412512831112,319.086,48.0,Fear
2025-02-15,3.179,3.224,3.015,3.066,3099382.8,9656019.81518,48144.0,1401592.1,4370398.07937,3099382.8,-296198.5999999996,3.066,31.73117822203318,2.999412512831112,319.086,50.0,Neutral
2025-02-16,3.067,3.108,2.976,3.03,3587124.5,10908159.97746,51562.0,1795840.82,5463206.04506,3587124.5,4557.14000000013,3.03,42.33825198637911,2.999412512831112,319.086,54.0,Greed
2025-02-17,3.031,3.232,2.998,3.13,5423476.24,16931841.0344,88663.0,2724356.04,8520569.9416,5423476.24,25235.83999999985,3.129,38.86883273164862,2.999412512831112,319.086,51.0,Greed
2025-02-18,3.131,3.209,2.929,3.002,8351903.1,25502515.65945,123509.0,4127177.95,12613445.29106,8351903.1,-97547.19999999925,3.002,41.9753086419753,2.999412512831112,319.086,47.0,Fear
2025-02-19,3.003,3.136,2.928,3.104,3763225.75,11472068.99995,56354.0,1836156.43,5603925.75441,3763225.75,-90912.89000000013,3.104,52.78757939308398,2.999412512831112,319.086,44.0,Fear
